index,stops_below_1918,stock_82,spec_exact,stretch,stock_82_8bit,spec_exact_8bit,stretch_8bit
0,,0,760,0,0,24,0
1,-10.9054,56,783,48,2,24,1
2,-9.9054,110,806,96,3,25,3
3,-9.3204,167,829,144,5,26,4
4,-8.9054,220,852,192,7,27,6
5,-8.5835,276,875,240,9,27,7
6,-8.3204,333,898,288,10,28,9
7,-8.0980,383,921,336,12,29,10
8,-7.9054,431,943,384,13,29,12
9,-7.7355,475,966,432,15,30,13
10,-7.5835,516,989,480,16,31,15
11,-7.4460,556,1012,528,17,32,16
12,-7.3204,592,1035,576,18,32,18
13,-7.2049,629,1058,624,20,33,19
14,-7.0980,662,1081,672,21,34,21
15,-6.9985,694,1104,720,22,34,22
16,-6.9054,726,1127,767,23,35,24
17,-6.8179,756,1150,815,24,36,25
18,-6.7355,784,1173,863,24,37,27
19,-6.6575,812,1196,911,25,37,28
20,-6.5835,841,1219,959,26,38,30
21,-6.5131,867,1241,1007,27,39,31
22,-6.4460,893,1264,1054,28,39,33
23,-6.3818,918,1285,1099,29,40,34
24,-6.3204,942,1306,1143,29,41,36
25,-6.2615,966,1327,1186,30,41,37
26,-6.2049,990,1347,1229,31,42,38
27,-6.1505,1013,1367,1270,32,43,40
28,-6.0980,1035,1386,1310,32,43,41
29,-6.0474,1056,1405,1350,33,44,42
30,-5.9985,1078,1424,1389,34,44,43
31,-5.9512,1099,1442,1427,34,45,44
32,-5.9054,1120,1460,1464,35,45,46
33,-5.8610,1140,1477,1500,35,46,47
34,-5.8179,1160,1494,1536,36,47,48
35,-5.7761,1180,1511,1571,37,47,49
36,-5.7355,1198,1527,1605,37,48,50
37,-5.6959,1218,1543,1639,38,48,51
38,-5.6575,1237,1559,1672,39,49,52
39,-5.6200,1255,1575,1705,39,49,53
40,-5.5835,1273,1590,1737,40,50,54
41,-5.5478,1290,1605,1768,40,50,55
42,-5.5131,1308,1620,1799,41,50,56
43,-5.4791,1325,1634,1829,41,51,57
44,-5.4460,1342,1648,1859,42,51,58
45,-5.4135,1359,1663,1889,42,52,59
46,-5.3818,1376,1676,1918,43,52,60
47,-5.3508,1392,1690,1946,43,53,61
48,-5.3204,1408,1703,1974,44,53,61
49,-5.2907,1424,1717,2002,44,53,62
50,-5.2615,1440,1730,2029,45,54,63
51,-5.2330,1456,1742,2056,45,54,64
52,-5.2049,1472,1755,2082,46,55,65
53,-5.1775,1486,1768,2108,46,55,66
54,-5.1505,1503,1780,2134,47,55,66
55,-5.1240,1516,1792,2160,47,56,67
56,-5.0980,1532,1804,2185,48,56,68
57,-5.0725,1547,1816,2209,48,57,69
58,-5.0474,1560,1827,2234,49,57,70
59,-5.0227,1576,1839,2258,49,57,70
60,-4.9985,1590,1850,2281,50,58,71
61,-4.9746,1604,1861,2305,50,58,72
62,-4.9512,1618,1872,2328,50,58,72
63,-4.9281,1632,1883,2351,51,59,73
64,-4.9054,1645,1894,2373,51,59,74
65,-4.8830,1659,1905,2396,52,59,75
66,-4.8610,1672,1915,2418,52,60,75
67,-4.8393,1686,1926,2439,52,60,76
68,-4.8179,1699,1936,2461,53,60,77
69,-4.7969,1712,1946,2482,53,61,77
70,-4.7761,1725,1956,2503,54,61,78
71,-4.7556,1738,1966,2524,54,61,79
72,-4.7355,1750,1976,2545,54,62,79
73,-4.7156,1763,1986,2565,55,62,80
74,-4.6959,1776,1995,2585,55,62,80
75,-4.6766,1788,2005,2605,56,62,81
76,-4.6575,1800,2014,2625,56,63,82
77,-4.6386,1812,2023,2644,56,63,82
78,-4.6200,1825,2033,2663,57,63,83
79,-4.6016,1838,2042,2682,57,64,84
80,-4.5835,1850,2051,2701,58,64,84
81,-4.5655,1862,2060,2720,58,64,85
82,-4.5478,1872,2069,2738,58,64,85
83,-4.5303,1884,2077,2757,59,65,86
84,-4.5131,1896,2086,2775,59,65,86
85,-4.4960,1908,2095,2793,59,65,87
86,-4.4791,1921,2103,2810,60,65,87
87,-4.4624,1930,2111,2828,60,66,88
88,-4.4460,1942,2120,2845,60,66,89
89,-4.4297,1955,2128,2863,61,66,89
90,-4.4135,1964,2136,2880,61,67,90
91,-4.3976,1977,2144,2897,62,67,90
92,-4.3818,1986,2152,2914,62,67,91
93,-4.3662,1999,2160,2930,62,67,91
94,-4.3508,2008,2168,2947,63,68,92
95,-4.3355,2021,2176,2963,63,68,92
96,-4.3204,2030,2184,2979,63,68,93
97,-4.3055,2042,2191,2995,64,68,93
98,-4.2907,2053,2199,3011,64,68,94
99,-4.2760,2062,2207,3027,64,69,94
100,-4.2615,2074,2214,3043,65,69,95
101,-4.2472,2084,2221,3058,65,69,95
102,-4.2330,2095,2229,3074,65,69,96
103,-4.2189,2105,2236,3089,66,70,96
104,-4.2049,2115,2243,3104,66,70,97
105,-4.1911,2124,2250,3119,66,70,97
106,-4.1775,2136,2258,3134,67,70,98
107,-4.1639,2146,2265,3149,67,71,98
108,-4.1505,2156,2272,3163,67,71,98
109,-4.1372,2166,2279,3178,67,71,99
110,-4.1240,2176,2285,3192,68,71,99
111,-4.1110,2186,2292,3207,68,71,100
112,-4.0980,2196,2299,3221,68,72,100
113,-4.0852,2205,2306,3235,69,72,101
114,-4.0725,2215,2313,3249,69,72,101
115,-4.0599,2225,2319,3263,69,72,102
116,-4.0474,2234,2326,3277,70,72,102
117,-4.0350,2244,2332,3290,70,73,102
118,-4.0227,2254,2339,3304,70,73,103
119,-4.0106,2263,2345,3317,70,73,103
120,-3.9985,2273,2352,3331,71,73,104
121,-3.9865,2282,2358,3344,71,73,104
122,-3.9746,2292,2364,3357,71,74,105
123,-3.9629,2301,2371,3370,72,74,105
124,-3.9512,2310,2377,3383,72,74,105
125,-3.9396,2320,2383,3396,72,74,106
126,-3.9281,2328,2389,3409,72,74,106
127,-3.9167,2338,2395,3422,73,75,107
128,-3.9054,2347,2401,3434,73,75,107
129,-3.8942,2356,2407,3447,73,75,107
130,-3.8830,2365,2413,3459,74,75,108
131,-3.8720,2374,2419,3472,74,75,108
132,-3.8610,2383,2425,3484,74,76,108
133,-3.8501,2392,2431,3496,74,76,109
134,-3.8393,2400,2437,3508,75,76,109
135,-3.8286,2410,2442,3521,75,76,110
136,-3.8179,2418,2448,3533,75,76,110
137,-3.8074,2427,2454,3544,76,76,110
138,-3.7969,2436,2459,3556,76,77,111
139,-3.7864,2444,2465,3568,76,77,111
140,-3.7761,2453,2471,3580,76,77,111
141,-3.7658,2462,2476,3591,77,77,112
142,-3.7556,2470,2482,3603,77,77,112
143,-3.7455,2478,2487,3614,77,77,113
144,-3.7355,2488,2493,3626,77,78,113
145,-3.7255,2496,2498,3637,78,78,113
146,-3.7156,2504,2503,3648,78,78,114
147,-3.7057,2512,2509,3659,78,78,114
148,-3.6959,2521,2514,3671,78,78,114
149,-3.6862,2530,2519,3682,79,78,115
150,-3.6766,2538,2525,3693,79,79,115
151,-3.6670,2546,2530,3704,79,79,115
152,-3.6575,2554,2535,3714,80,79,116
153,-3.6480,2562,2540,3725,80,79,116
154,-3.6386,2570,2545,3736,80,79,116
155,-3.6293,2578,2550,3747,80,79,117
156,-3.6200,2586,2555,3757,81,80,117
157,-3.6108,2594,2560,3768,81,80,117
158,-3.6016,2603,2565,3778,81,80,118
159,-3.5925,2612,2570,3789,81,80,118
160,-3.5835,2620,2575,3799,82,80,118
161,-3.5745,2628,2580,3809,82,80,119
162,-3.5655,2634,2585,3820,82,80,119
163,-3.5567,2642,2590,3830,82,81,119
164,-3.5478,2650,2595,3840,83,81,120
165,-3.5391,2658,2600,3850,83,81,120
166,-3.5303,2666,2604,3860,83,81,120
167,-3.5217,2674,2609,3870,83,81,120
168,-3.5131,2682,2614,3880,84,81,121
169,-3.5045,2690,2619,3890,84,82,121
170,-3.4960,2698,2623,3900,84,82,121
171,-3.4875,2707,2628,3909,84,82,122
172,-3.4791,2712,2633,3919,84,82,122
173,-3.4708,2720,2637,3929,85,82,122
174,-3.4624,2728,2642,3938,85,82,123
175,-3.4542,2736,2646,3948,85,82,123
176,-3.4460,2745,2651,3957,85,83,123
177,-3.4378,2750,2656,3967,86,83,124
178,-3.4297,2758,2660,3976,86,83,124
179,-3.4216,2766,2664,3986,86,83,124
180,-3.4135,2775,2669,3995,86,83,124
181,-3.4055,2780,2673,4004,87,83,125
182,-3.3976,2788,2678,4013,87,83,125
183,-3.3897,2796,2682,4023,87,84,125
184,-3.3818,2804,2687,4032,87,84,126
185,-3.3740,2810,2691,4041,87,84,126
186,-3.3662,2818,2695,4050,88,84,126
187,-3.3585,2826,2699,4059,88,84,126
188,-3.3508,2832,2704,4068,88,84,127
189,-3.3431,2841,2708,4077,88,84,127
190,-3.3355,2846,2712,4085,89,84,127
191,-3.3280,2854,2716,4094,89,85,127
192,-3.3204,2862,2721,4103,89,85,128
193,-3.3129,2868,2725,4112,89,85,128
194,-3.3055,2877,2729,4121,90,85,128
195,-3.2981,2882,2733,4129,90,85,129
196,-3.2907,2891,2737,4138,90,85,129
197,-3.2833,2896,2741,4146,90,85,129
198,-3.2760,2904,2745,4155,90,85,129
199,-3.2688,2912,2749,4163,91,86,130
200,-3.2615,2918,2754,4172,91,86,130
201,-3.2543,2926,2758,4180,91,86,130
202,-3.2472,2932,2762,4189,91,86,130
203,-3.2401,2940,2766,4197,92,86,131
204,-3.2330,2947,2769,4205,92,86,131
205,-3.2259,2952,2773,4214,92,86,131
206,-3.2189,2961,2777,4222,92,86,131
207,-3.2119,2966,2781,4230,92,87,132
208,-3.2049,2975,2785,4238,93,87,132
209,-3.1980,2980,2789,4246,93,87,132
210,-3.1911,2988,2793,4254,93,87,132
211,-3.1843,2995,2797,4262,93,87,133
212,-3.1775,3000,2801,4270,93,87,133
213,-3.1707,3009,2804,4278,94,87,133
214,-3.1639,3014,2808,4286,94,87,133
215,-3.1572,3022,2812,4294,94,88,134
216,-3.1505,3029,2816,4302,94,88,134
217,-3.1438,3034,2820,4310,94,88,134
218,-3.1372,3042,2823,4318,95,88,134
219,-3.1306,3049,2827,4326,95,88,135
220,-3.1240,3054,2831,4333,95,88,135
221,-3.1175,3062,2834,4341,95,88,135
222,-3.1110,3069,2838,4349,96,88,135
223,-3.1045,3075,2842,4356,96,88,136
224,-3.0980,3080,2845,4364,96,89,136
225,-3.0916,3088,2849,4372,96,89,136
226,-3.0852,3095,2853,4379,96,89,136
227,-3.0788,3100,2856,4387,97,89,137
228,-3.0725,3108,2860,4394,97,89,137
229,-3.0662,3114,2863,4402,97,89,137
230,-3.0599,3121,2867,4409,97,89,137
231,-3.0536,3126,2870,4416,97,89,137
232,-3.0474,3134,2874,4424,98,89,138
233,-3.0412,3140,2877,4431,98,90,138
234,-3.0350,3147,2881,4438,98,90,138
235,-3.0289,3153,2884,4446,98,90,138
236,-3.0227,3159,2888,4453,98,90,139
237,-3.0166,3164,2891,4460,99,90,139
238,-3.0106,3172,2895,4467,99,90,139
239,-3.0045,3178,2898,4475,99,90,139
240,-2.9985,3185,2902,4482,99,90,140
241,-2.9925,3191,2905,4489,99,90,140
242,-2.9865,3197,2908,4496,100,91,140
243,-2.9806,3202,2912,4503,100,91,140
244,-2.9746,3210,2915,4510,100,91,140
245,-2.9687,3216,2918,4517,100,91,141
246,-2.9629,3222,2922,4524,100,91,141
247,-2.9570,3228,2925,4531,101,91,141
248,-2.9512,3235,2928,4538,101,91,141
249,-2.9454,3241,2932,4545,101,91,142
250,-2.9396,3247,2935,4552,101,91,142
251,-2.9338,3253,2938,4559,101,91,142
252,-2.9281,3259,2942,4565,101,92,142
253,-2.9224,3265,2945,4572,102,92,142
254,-2.9167,3271,2948,4579,102,92,143
255,-2.9110,3276,2951,4586,102,92,143
256,-2.9054,3284,2954,4592,102,92,143
257,-2.8998,3290,2958,4599,102,92,143
258,-2.8942,3296,2961,4606,103,92,143
259,-2.8886,3302,2964,4613,103,92,144
260,-2.8830,3308,2967,4619,103,92,144
261,-2.8775,3314,2970,4626,103,92,144
262,-2.8720,3320,2974,4632,103,93,144
263,-2.8665,3326,2977,4639,104,93,144
264,-2.8610,3332,2980,4645,104,93,145
265,-2.8555,3338,2983,4652,104,93,145
266,-2.8501,3344,2986,4658,104,93,145
267,-2.8447,3350,2989,4665,104,93,145
268,-2.8393,3355,2992,4671,104,93,145
269,-2.8339,3361,2995,4678,105,93,146
270,-2.8286,3367,2998,4684,105,93,146
271,-2.8232,3373,3001,4691,105,93,146
272,-2.8179,3379,3004,4697,105,94,146
273,-2.8126,3385,3007,4703,105,94,146
274,-2.8074,3391,3010,4710,106,94,147
275,-2.8021,3397,3013,4716,106,94,147
276,-2.7969,3402,3016,4722,106,94,147
277,-2.7916,3408,3019,4728,106,94,147
278,-2.7864,3414,3022,4735,106,94,147
279,-2.7813,3420,3025,4741,106,94,148
280,-2.7761,3426,3028,4747,107,94,148
281,-2.7710,3431,3031,4753,107,94,148
282,-2.7658,3437,3034,4759,107,94,148
283,-2.7607,3443,3037,4765,107,95,148
284,-2.7556,3448,3040,4771,107,95,149
285,-2.7506,3454,3043,4778,108,95,149
286,-2.7455,3460,3046,4784,108,95,149
287,-2.7405,3466,3049,4790,108,95,149
288,-2.7355,3471,3052,4796,108,95,149
289,-2.7305,3477,3054,4802,108,95,150
290,-2.7255,3482,3057,4808,108,95,150
291,-2.7205,3488,3060,4814,109,95,150
292,-2.7156,3494,3063,4820,109,95,150
293,-2.7106,3500,3066,4826,109,95,150
294,-2.7057,3505,3069,4831,109,96,150
295,-2.7008,3511,3071,4837,109,96,151
296,-2.6959,3516,3074,4843,109,96,151
297,-2.6911,3522,3077,4849,110,96,151
298,-2.6862,3528,3080,4855,110,96,151
299,-2.6814,3533,3083,4861,110,96,151
300,-2.6766,3538,3085,4866,110,96,152
301,-2.6718,3544,3088,4872,110,96,152
302,-2.6670,3550,3091,4878,111,96,152
303,-2.6622,3555,3094,4884,111,96,152
304,-2.6575,3560,3096,4889,111,96,152
305,-2.6527,3566,3099,4895,111,96,152
306,-2.6480,3572,3102,4901,111,97,153
307,-2.6433,3577,3105,4907,111,97,153
308,-2.6386,3582,3107,4912,112,97,153
309,-2.6339,3588,3110,4918,112,97,153
310,-2.6293,3593,3113,4923,112,97,153
311,-2.6246,3599,3115,4929,112,97,153
312,-2.6200,3604,3118,4935,112,97,154
313,-2.6154,3610,3121,4940,112,97,154
314,-2.6108,3615,3123,4946,113,97,154
315,-2.6062,3620,3126,4951,113,97,154
316,-2.6016,3626,3129,4957,113,97,154
317,-2.5970,3631,3131,4962,113,97,154
318,-2.5925,3636,3134,4968,113,98,155
319,-2.5880,3642,3136,4973,113,98,155
320,-2.5835,3647,3139,4979,114,98,155
321,-2.5790,3652,3142,4984,114,98,155
322,-2.5745,3658,3144,4990,114,98,155
323,-2.5700,3663,3147,4995,114,98,156
324,-2.5655,3668,3149,5000,114,98,156
325,-2.5611,3674,3152,5006,114,98,156
326,-2.5567,3679,3155,5011,115,98,156
327,-2.5522,3684,3157,5016,115,98,156
328,-2.5478,3690,3160,5022,115,98,156
329,-2.5434,3695,3162,5027,115,98,157
330,-2.5391,3700,3165,5032,115,99,157
331,-2.5347,3705,3167,5038,115,99,157
332,-2.5303,3710,3170,5043,116,99,157
333,-2.5260,3716,3172,5048,116,99,157
334,-2.5217,3721,3175,5053,116,99,157
335,-2.5174,3726,3177,5059,116,99,158
336,-2.5131,3731,3180,5064,116,99,158
337,-2.5088,3736,3182,5069,116,99,158
338,-2.5045,3742,3185,5074,117,99,158
339,-2.5002,3747,3187,5079,117,99,158
340,-2.4960,3752,3190,5084,117,99,158
341,-2.4918,3757,3192,5090,117,99,158
342,-2.4875,3762,3194,5095,117,99,159
343,-2.4833,3768,3197,5100,117,100,159
344,-2.4791,3772,3199,5105,117,100,159
345,-2.4749,3778,3202,5110,118,100,159
346,-2.4708,3782,3204,5115,118,100,159
347,-2.4666,3788,3207,5120,118,100,159
348,-2.4624,3793,3209,5125,118,100,160
349,-2.4583,3798,3211,5130,118,100,160
350,-2.4542,3803,3214,5135,118,100,160
351,-2.4501,3808,3216,5140,119,100,160
352,-2.4460,3813,3219,5145,119,100,160
353,-2.4419,3818,3221,5150,119,100,160
354,-2.4378,3823,3223,5155,119,100,161
355,-2.4337,3828,3226,5160,119,100,161
356,-2.4297,3833,3228,5165,119,101,161
357,-2.4256,3838,3230,5170,119,101,161
358,-2.4216,3843,3233,5175,120,101,161
359,-2.4175,3848,3235,5180,120,101,161
360,-2.4135,3853,3237,5184,120,101,161
361,-2.4095,3858,3240,5189,120,101,162
362,-2.4055,3863,3242,5194,120,101,162
363,-2.4016,3868,3244,5199,120,101,162
364,-2.3976,3873,3247,5204,121,101,162
365,-2.3936,3878,3249,5209,121,101,162
366,-2.3897,3883,3251,5213,121,101,162
367,-2.3858,3888,3253,5218,121,101,162
368,-2.3818,3892,3256,5223,121,101,163
369,-2.3779,3898,3258,5228,121,101,163
370,-2.3740,3902,3260,5233,121,102,163
371,-2.3701,3908,3263,5237,122,102,163
372,-2.3662,3912,3265,5242,122,102,163
373,-2.3624,3918,3267,5247,122,102,163
374,-2.3585,3922,3269,5251,122,102,163
375,-2.3546,3927,3272,5256,122,102,164
376,-2.3508,3932,3274,5261,122,102,164
377,-2.3470,3936,3276,5265,123,102,164
378,-2.3431,3942,3278,5270,123,102,164
379,-2.3393,3946,3280,5275,123,102,164
380,-2.3355,3951,3283,5279,123,102,164
381,-2.3317,3956,3285,5284,123,102,165
382,-2.3280,3961,3287,5289,123,102,165
383,-2.3242,3966,3289,5293,123,102,165
384,-2.3204,3970,3291,5298,124,102,165
385,-2.3167,3976,3294,5302,124,103,165
386,-2.3129,3980,3296,5307,124,103,165
387,-2.3092,3984,3298,5311,124,103,165
388,-2.3055,3990,3300,5316,124,103,166
389,-2.3018,3994,3302,5320,124,103,166
390,-2.2981,3999,3305,5325,125,103,166
391,-2.2944,4004,3307,5329,125,103,166
392,-2.2907,4008,3309,5334,125,103,166
393,-2.2870,4014,3311,5338,125,103,166
394,-2.2833,4018,3313,5343,125,103,166
395,-2.2797,4022,3315,5347,125,103,166
396,-2.2760,4028,3317,5352,125,103,167
397,-2.2724,4032,3319,5356,126,103,167
398,-2.2688,4037,3322,5361,126,103,167
399,-2.2651,4042,3324,5365,126,103,167
400,-2.2615,4046,3326,5370,126,104,167
401,-2.2579,4051,3328,5374,126,104,167
402,-2.2543,4056,3330,5378,126,104,167
403,-2.2508,4060,3332,5383,126,104,168
404,-2.2472,4065,3334,5387,127,104,168
405,-2.2436,4070,3336,5391,127,104,168
406,-2.2401,4074,3338,5396,127,104,168
407,-2.2365,4078,3340,5400,127,104,168
408,-2.2330,4084,3342,5404,127,104,168
409,-2.2294,4088,3345,5409,127,104,168
410,-2.2259,4092,3347,5413,127,104,169
411,-2.2224,4098,3349,5417,128,104,169
412,-2.2189,4102,3351,5422,128,104,169
413,-2.2154,4106,3353,5426,128,104,169
414,-2.2119,4111,3355,5430,128,104,169
415,-2.2084,4116,3357,5434,128,105,169
416,-2.2049,4120,3359,5439,128,105,169
417,-2.2015,4124,3361,5443,128,105,169
418,-2.1980,4130,3363,5447,129,105,170
419,-2.1946,4134,3365,5451,129,105,170
420,-2.1911,4138,3367,5456,129,105,170
421,-2.1877,4143,3369,5460,129,105,170
422,-2.1843,4148,3371,5464,129,105,170
423,-2.1809,4152,3373,5468,129,105,170
424,-2.1775,4156,3375,5472,129,105,170
425,-2.1741,4162,3377,5476,130,105,170
426,-2.1707,4166,3379,5481,130,105,171
427,-2.1673,4170,3381,5485,130,105,171
428,-2.1639,4174,3383,5489,130,105,171
429,-2.1606,4180,3385,5493,130,105,171
430,-2.1572,4184,3387,5497,130,105,171
431,-2.1538,4188,3389,5501,130,106,171
432,-2.1505,4192,3391,5505,131,106,171
433,-2.1472,4198,3393,5509,131,106,172
434,-2.1438,4202,3395,5513,131,106,172
435,-2.1405,4206,3396,5517,131,106,172
436,-2.1372,4210,3398,5522,131,106,172
437,-2.1339,4215,3400,5526,131,106,172
438,-2.1306,4220,3402,5530,131,106,172
439,-2.1273,4224,3404,5534,132,106,172
440,-2.1240,4228,3406,5538,132,106,172
441,-2.1208,4232,3408,5542,132,106,173
442,-2.1175,4238,3410,5546,132,106,173
443,-2.1142,4242,3412,5550,132,106,173
444,-2.1110,4246,3414,5554,132,106,173
445,-2.1077,4250,3416,5558,132,106,173
446,-2.1045,4254,3418,5562,132,106,173
447,-2.1013,4260,3419,5566,133,106,173
448,-2.0980,4264,3421,5570,133,107,173
449,-2.0948,4268,3423,5573,133,107,174
450,-2.0916,4272,3425,5577,133,107,174
451,-2.0884,4276,3427,5581,133,107,174
452,-2.0852,4281,3429,5585,133,107,174
453,-2.0820,4286,3431,5589,133,107,174
454,-2.0788,4290,3433,5593,134,107,174
455,-2.0757,4294,3434,5597,134,107,174
456,-2.0725,4298,3436,5601,134,107,174
457,-2.0693,4302,3438,5605,134,107,175
458,-2.0662,4308,3440,5609,134,107,175
459,-2.0630,4312,3442,5612,134,107,175
460,-2.0599,4316,3444,5616,134,107,175
461,-2.0568,4320,3446,5620,135,107,175
462,-2.0536,4324,3447,5624,135,107,175
463,-2.0505,4328,3449,5628,135,107,175
464,-2.0474,4333,3451,5632,135,107,175
465,-2.0443,4338,3453,5635,135,108,175
466,-2.0412,4342,3455,5639,135,108,176
467,-2.0381,4346,3456,5643,135,108,176
468,-2.0350,4350,3458,5647,135,108,176
469,-2.0319,4354,3460,5651,136,108,176
470,-2.0289,4358,3462,5654,136,108,176
471,-2.0258,4362,3464,5658,136,108,176
472,-2.0227,4368,3466,5662,136,108,176
473,-2.0197,4372,3467,5666,136,108,176
474,-2.0166,4376,3469,5669,136,108,177
475,-2.0136,4380,3471,5673,136,108,177
476,-2.0106,4384,3473,5677,136,108,177
477,-2.0075,4388,3474,5681,137,108,177
478,-2.0045,4392,3476,5684,137,108,177
479,-2.0015,4396,3478,5688,137,108,177
480,-1.9985,4401,3480,5692,137,108,177
481,-1.9955,4406,3482,5695,137,108,177
482,-1.9925,4410,3483,5699,137,108,177
483,-1.9895,4414,3485,5703,137,109,178
484,-1.9865,4418,3487,5706,138,109,178
485,-1.9835,4422,3489,5710,138,109,178
486,-1.9806,4426,3490,5714,138,109,178
487,-1.9776,4430,3492,5717,138,109,178
488,-1.9746,4434,3494,5721,138,109,178
489,-1.9717,4438,3495,5725,138,109,178
490,-1.9687,4442,3497,5728,138,109,178
491,-1.9658,4447,3499,5732,138,109,178
492,-1.9629,4452,3501,5736,139,109,179
493,-1.9599,4456,3502,5739,139,109,179
494,-1.9570,4460,3504,5743,139,109,179
495,-1.9541,4464,3506,5746,139,109,179
496,-1.9512,4468,3508,5750,139,109,179
497,-1.9483,4472,3509,5753,139,109,179
498,-1.9454,4476,3511,5757,139,109,179
499,-1.9425,4480,3513,5761,139,109,179
500,-1.9396,4484,3514,5764,140,109,179
501,-1.9367,4488,3516,5768,140,109,180
502,-1.9338,4492,3518,5771,140,110,180
503,-1.9310,4496,3519,5775,140,110,180
504,-1.9281,4500,3521,5778,140,110,180
505,-1.9252,4504,3523,5782,140,110,180
506,-1.9224,4508,3524,5785,140,110,180
507,-1.9195,4512,3526,5789,140,110,180
508,-1.9167,4516,3528,5792,141,110,180
509,-1.9139,4521,3530,5796,141,110,180
510,-1.9110,4526,3531,5799,141,110,181
511,-1.9082,4530,3533,5803,141,110,181
512,-1.9054,4534,3534,5806,141,110,181
513,-1.9026,4538,3536,5810,141,110,181
514,-1.8998,4542,3538,5813,141,110,181
515,-1.8970,4546,3539,5817,142,110,181
516,-1.8942,4550,3541,5820,142,110,181
517,-1.8914,4554,3543,5824,142,110,181
518,-1.8886,4558,3544,5827,142,110,181
519,-1.8858,4562,3546,5830,142,110,182
520,-1.8830,4566,3548,5834,142,110,182
521,-1.8802,4570,3549,5837,142,110,182
522,-1.8775,4574,3551,5841,142,111,182
523,-1.8747,4578,3553,5844,143,111,182
524,-1.8720,4582,3554,5848,143,111,182
525,-1.8692,4586,3556,5851,143,111,182
526,-1.8665,4590,3557,5854,143,111,182
527,-1.8637,4594,3559,5858,143,111,182
528,-1.8610,4598,3561,5861,143,111,182
529,-1.8583,4602,3562,5864,143,111,183
530,-1.8555,4606,3564,5868,143,111,183
531,-1.8528,4610,3565,5871,144,111,183
532,-1.8501,4614,3567,5874,144,111,183
533,-1.8474,4618,3569,5878,144,111,183
534,-1.8447,4622,3570,5881,144,111,183
535,-1.8420,4626,3572,5884,144,111,183
536,-1.8393,4630,3573,5888,144,111,183
537,-1.8366,4634,3575,5891,144,111,183
538,-1.8339,4638,3577,5894,144,111,184
539,-1.8312,4643,3578,5898,145,111,184
540,-1.8286,4644,3580,5901,145,111,184
541,-1.8259,4648,3581,5904,145,111,184
542,-1.8232,4652,3583,5908,145,112,184
543,-1.8206,4656,3584,5911,145,112,184
544,-1.8179,4660,3586,5914,145,112,184
545,-1.8153,4664,3588,5917,145,112,184
546,-1.8126,4668,3589,5921,145,112,184
547,-1.8100,4672,3591,5924,145,112,184
548,-1.8074,4676,3592,5927,146,112,185
549,-1.8047,4680,3594,5930,146,112,185
550,-1.8021,4684,3595,5934,146,112,185
551,-1.7995,4688,3597,5937,146,112,185
552,-1.7969,4692,3598,5940,146,112,185
553,-1.7943,4696,3600,5943,146,112,185
554,-1.7916,4700,3602,5947,146,112,185
555,-1.7890,4704,3603,5950,146,112,185
556,-1.7864,4708,3605,5953,147,112,185
557,-1.7839,4712,3606,5956,147,112,185
558,-1.7813,4716,3608,5959,147,112,186
559,-1.7787,4718,3609,5963,147,112,186
560,-1.7761,4722,3611,5966,147,112,186
561,-1.7735,4726,3612,5969,147,112,186
562,-1.7710,4730,3614,5972,147,113,186
563,-1.7684,4734,3615,5975,147,113,186
564,-1.7658,4738,3617,5979,148,113,186
565,-1.7633,4742,3618,5982,148,113,186
566,-1.7607,4746,3620,5985,148,113,186
567,-1.7582,4750,3621,5988,148,113,186
568,-1.7556,4754,3623,5991,148,113,187
569,-1.7531,4758,3624,5994,148,113,187
570,-1.7506,4762,3626,5997,148,113,187
571,-1.7480,4764,3627,6001,148,113,187
572,-1.7455,4768,3629,6004,148,113,187
573,-1.7430,4772,3630,6007,149,113,187
574,-1.7405,4776,3632,6010,149,113,187
575,-1.7380,4780,3633,6013,149,113,187
576,-1.7355,4784,3635,6016,149,113,187
577,-1.7330,4788,3636,6019,149,113,187
578,-1.7305,4792,3638,6022,149,113,187
579,-1.7280,4797,3639,6025,149,113,188
580,-1.7255,4798,3641,6028,149,113,188
581,-1.7230,4802,3642,6031,150,113,188
582,-1.7205,4806,3644,6035,150,113,188
583,-1.7180,4810,3645,6038,150,113,188
584,-1.7156,4814,3646,6041,150,114,188
585,-1.7131,4818,3648,6044,150,114,188
586,-1.7106,4822,3649,6047,150,114,188
587,-1.7082,4826,3651,6050,150,114,188
588,-1.7057,4830,3652,6053,150,114,188
589,-1.7033,4832,3654,6056,150,114,189
590,-1.7008,4836,3655,6059,151,114,189
591,-1.6984,4840,3657,6062,151,114,189
592,-1.6959,4844,3658,6065,151,114,189
593,-1.6935,4848,3660,6068,151,114,189
594,-1.6911,4852,3661,6071,151,114,189
595,-1.6886,4856,3662,6074,151,114,189
596,-1.6862,4858,3664,6077,151,114,189
597,-1.6838,4862,3665,6080,151,114,189
598,-1.6814,4866,3667,6083,152,114,189
599,-1.6790,4870,3668,6086,152,114,189
600,-1.6766,4874,3670,6089,152,114,190
601,-1.6742,4878,3671,6092,152,114,190
602,-1.6718,4882,3672,6095,152,114,190
603,-1.6694,4884,3674,6098,152,114,190
604,-1.6670,4888,3675,6101,152,114,190
605,-1.6646,4892,3677,6104,152,114,190
606,-1.6622,4896,3678,6107,152,115,190
607,-1.6598,4900,3679,6110,153,115,190
608,-1.6575,4904,3681,6113,153,115,190
609,-1.6551,4906,3682,6116,153,115,190
610,-1.6527,4910,3684,6118,153,115,190
611,-1.6504,4914,3685,6121,153,115,191
612,-1.6480,4918,3686,6124,153,115,191
613,-1.6456,4922,3688,6127,153,115,191
614,-1.6433,4926,3689,6130,153,115,191
615,-1.6409,4928,3691,6133,153,115,191
616,-1.6386,4932,3692,6136,154,115,191
617,-1.6363,4936,3693,6139,154,115,191
618,-1.6339,4940,3695,6142,154,115,191
619,-1.6316,4945,3696,6145,154,115,191
620,-1.6293,4946,3698,6148,154,115,191
621,-1.6269,4950,3699,6150,154,115,191
622,-1.6246,4954,3700,6153,154,115,192
623,-1.6223,4958,3702,6156,154,115,192
624,-1.6200,4963,3703,6159,155,115,192
625,-1.6177,4964,3704,6162,155,115,192
626,-1.6154,4968,3706,6165,155,115,192
627,-1.6131,4972,3707,6168,155,115,192
628,-1.6108,4976,3708,6170,155,115,192
629,-1.6085,4981,3710,6173,155,116,192
630,-1.6062,4982,3711,6176,155,116,192
631,-1.6039,4986,3713,6179,155,116,192
632,-1.6016,4990,3714,6182,155,116,192
633,-1.5993,4994,3715,6185,155,116,193
634,-1.5970,4999,3717,6187,156,116,193
635,-1.5948,5000,3718,6190,156,116,193
636,-1.5925,5004,3719,6193,156,116,193
637,-1.5902,5008,3721,6196,156,116,193
638,-1.5880,5012,3722,6199,156,116,193
639,-1.5857,5016,3723,6202,156,116,193
640,-1.5835,5018,3725,6204,156,116,193
641,-1.5812,5022,3726,6207,156,116,193
642,-1.5790,5026,3727,6210,156,116,193
643,-1.5767,5031,3729,6213,157,116,193
644,-1.5745,5032,3730,6215,157,116,194
645,-1.5722,5036,3731,6218,157,116,194
646,-1.5700,5040,3733,6221,157,116,194
647,-1.5678,5044,3734,6224,157,116,194
648,-1.5655,5048,3735,6227,157,116,194
649,-1.5633,5050,3737,6229,157,116,194
650,-1.5611,5054,3738,6232,157,116,194
651,-1.5589,5058,3739,6235,157,116,194
652,-1.5567,5063,3741,6238,158,116,194
653,-1.5544,5064,3742,6240,158,117,194
654,-1.5522,5068,3743,6243,158,117,194
655,-1.5500,5072,3744,6246,158,117,194
656,-1.5478,5077,3746,6249,158,117,195
657,-1.5456,5078,3747,6251,158,117,195
658,-1.5434,5082,3748,6254,158,117,195
659,-1.5413,5086,3750,6257,158,117,195
660,-1.5391,5091,3751,6259,159,117,195
661,-1.5369,5092,3752,6262,159,117,195
662,-1.5347,5096,3754,6265,159,117,195
663,-1.5325,5100,3755,6268,159,117,195
664,-1.5303,5105,3756,6270,159,117,195
665,-1.5282,5106,3757,6273,159,117,195
666,-1.5260,5110,3759,6276,159,117,195
667,-1.5238,5114,3760,6278,159,117,195
668,-1.5217,5118,3761,6281,159,117,196
669,-1.5195,5120,3763,6284,159,117,196
670,-1.5174,5124,3764,6286,160,117,196
671,-1.5152,5128,3765,6289,160,117,196
672,-1.5131,5132,3766,6292,160,117,196
673,-1.5109,5134,3768,6294,160,117,196
674,-1.5088,5138,3769,6297,160,117,196
675,-1.5066,5143,3770,6300,160,117,196
676,-1.5045,5144,3772,6302,160,117,196
677,-1.5024,5148,3773,6305,160,117,196
678,-1.5002,5152,3774,6308,160,118,196
679,-1.4981,5156,3775,6310,161,118,196
680,-1.4960,5158,3777,6313,161,118,197
681,-1.4939,5162,3778,6316,161,118,197
682,-1.4918,5167,3779,6318,161,118,197
683,-1.4896,5168,3780,6321,161,118,197
684,-1.4875,5172,3782,6323,161,118,197
685,-1.4854,5176,3783,6326,161,118,197
686,-1.4833,5180,3784,6329,161,118,197
687,-1.4812,5182,3785,6331,161,118,197
688,-1.4791,5186,3787,6334,161,118,197
689,-1.4770,5191,3788,6336,162,118,197
690,-1.4749,5192,3789,6339,162,118,197
691,-1.4728,5196,3790,6342,162,118,197
692,-1.4708,5200,3792,6344,162,118,198
693,-1.4687,5204,3793,6347,162,118,198
694,-1.4666,5206,3794,6349,162,118,198
695,-1.4645,5210,3795,6352,162,118,198
696,-1.4624,5214,3796,6355,162,118,198
697,-1.4604,5216,3798,6357,162,118,198
698,-1.4583,5220,3799,6360,163,118,198
699,-1.4562,5225,3800,6362,163,118,198
700,-1.4542,5226,3801,6365,163,118,198
701,-1.4521,5230,3803,6367,163,118,198
702,-1.4501,5235,3804,6370,163,118,198
703,-1.4480,5236,3805,6373,163,118,198
704,-1.4460,5240,3806,6375,163,119,198
705,-1.4439,5244,3807,6378,163,119,199
706,-1.4419,5248,3809,6380,163,119,199
707,-1.4398,5250,3810,6383,163,119,199
708,-1.4378,5254,3811,6385,164,119,199
709,-1.4357,5258,3812,6388,164,119,199
710,-1.4337,5260,3814,6390,164,119,199
711,-1.4317,5264,3815,6393,164,119,199
712,-1.4297,5268,3816,6395,164,119,199
713,-1.4276,5270,3817,6398,164,119,199
714,-1.4256,5274,3818,6400,164,119,199
715,-1.4236,5278,3820,6403,164,119,199
716,-1.4216,5280,3821,6405,164,119,199
717,-1.4196,5284,3822,6408,165,119,200
718,-1.4175,5288,3823,6410,165,119,200
719,-1.4155,5290,3824,6413,165,119,200
720,-1.4135,5294,3826,6415,165,119,200
721,-1.4115,5298,3827,6418,165,119,200
722,-1.4095,5300,3828,6420,165,119,200
723,-1.4075,5304,3829,6423,165,119,200
724,-1.4055,5308,3830,6425,165,119,200
725,-1.4035,5310,3831,6428,165,119,200
726,-1.4016,5314,3833,6430,165,119,200
727,-1.3996,5318,3834,6433,166,119,200
728,-1.3976,5320,3835,6435,166,119,200
729,-1.3956,5325,3836,6438,166,119,200
730,-1.3936,5326,3837,6440,166,119,201
731,-1.3917,5330,3839,6443,166,120,201
732,-1.3897,5335,3840,6445,166,120,201
733,-1.3877,5336,3841,6448,166,120,201
734,-1.3858,5340,3842,6450,166,120,201
735,-1.3838,5345,3843,6452,166,120,201
736,-1.3818,5346,3844,6455,166,120,201
737,-1.3799,5350,3846,6457,167,120,201
738,-1.3779,5354,3847,6460,167,120,201
739,-1.3760,5356,3848,6462,167,120,201
740,-1.3740,5360,3849,6465,167,120,201
741,-1.3721,5364,3850,6467,167,120,201
742,-1.3701,5366,3851,6469,167,120,201
743,-1.3682,5371,3853,6472,167,120,202
744,-1.3662,5372,3854,6474,167,120,202
745,-1.3643,5376,3855,6477,167,120,202
746,-1.3624,5381,3856,6479,168,120,202
747,-1.3604,5382,3857,6482,168,120,202
748,-1.3585,5386,3858,6484,168,120,202
749,-1.3566,5390,3859,6486,168,120,202
750,-1.3546,5392,3861,6489,168,120,202
751,-1.3527,5397,3862,6491,168,120,202
752,-1.3508,5398,3863,6494,168,120,202
753,-1.3489,5402,3864,6496,168,120,202
754,-1.3470,5406,3865,6498,168,120,202
755,-1.3451,5408,3866,6501,168,120,202
756,-1.3431,5412,3867,6503,169,120,202
757,-1.3412,5416,3869,6505,169,120,203
758,-1.3393,5418,3870,6508,169,120,203
759,-1.3374,5423,3871,6510,169,121,203
760,-1.3355,5424,3872,6513,169,121,203
761,-1.3336,5428,3873,6515,169,121,203
762,-1.3317,5432,3874,6517,169,121,203
763,-1.3298,5434,3875,6520,169,121,203
764,-1.3280,5439,3876,6522,169,121,203
765,-1.3261,5440,3878,6524,169,121,203
766,-1.3242,5444,3879,6527,170,121,203
767,-1.3223,5448,3880,6529,170,121,203
768,-1.3204,5450,3881,6531,170,121,203
769,-1.3185,5455,3882,6534,170,121,203
770,-1.3167,5456,3883,6536,170,121,204
771,-1.3148,5460,3884,6538,170,121,204
772,-1.3129,5464,3885,6541,170,121,204
773,-1.3111,5466,3887,6543,170,121,204
774,-1.3092,5471,3888,6545,170,121,204
775,-1.3073,5472,3889,6548,170,121,204
776,-1.3055,5476,3890,6550,170,121,204
777,-1.3036,5480,3891,6552,171,121,204
778,-1.3018,5482,3892,6555,171,121,204
779,-1.2999,5487,3893,6557,171,121,204
780,-1.2981,5488,3894,6559,171,121,204
781,-1.2962,5492,3895,6562,171,121,204
782,-1.2944,5496,3896,6564,171,121,204
783,-1.2925,5498,3898,6566,171,121,204
784,-1.2907,5502,3899,6568,171,121,204
785,-1.2888,5504,3900,6571,171,121,205
786,-1.2870,5509,3901,6573,172,121,205
787,-1.2852,5510,3902,6575,172,121,205
788,-1.2833,5514,3903,6578,172,122,205
789,-1.2815,5518,3904,6580,172,122,205
790,-1.2797,5520,3905,6582,172,122,205
791,-1.2779,5525,3906,6584,172,122,205
792,-1.2760,5526,3907,6587,172,122,205
793,-1.2742,5531,3908,6589,172,122,205
794,-1.2724,5532,3910,6591,172,122,205
795,-1.2706,5536,3911,6594,172,122,205
796,-1.2688,5540,3912,6596,172,122,205
797,-1.2670,5542,3913,6598,173,122,205
798,-1.2651,5546,3914,6600,173,122,205
799,-1.2633,5548,3915,6603,173,122,206
800,-1.2615,5553,3916,6605,173,122,206
801,-1.2597,5554,3917,6607,173,122,206
802,-1.2579,5558,3918,6609,173,122,206
803,-1.2561,5562,3919,6612,173,122,206
804,-1.2543,5564,3920,6614,173,122,206
805,-1.2525,5568,3921,6616,173,122,206
806,-1.2508,5570,3922,6618,173,122,206
807,-1.2490,5575,3924,6620,174,122,206
808,-1.2472,5576,3925,6623,174,122,206
809,-1.2454,5581,3926,6625,174,122,206
810,-1.2436,5582,3927,6627,174,122,206
811,-1.2418,5586,3928,6629,174,122,206
812,-1.2401,5590,3929,6632,174,122,206
813,-1.2383,5592,3930,6634,174,122,207
814,-1.2365,5596,3931,6636,174,122,207
815,-1.2347,5598,3932,6638,174,122,207
816,-1.2330,5602,3933,6640,174,122,207
817,-1.2312,5604,3934,6643,174,122,207
818,-1.2294,5609,3935,6645,175,123,207
819,-1.2277,5610,3936,6647,175,123,207
820,-1.2259,5615,3937,6649,175,123,207
821,-1.2241,5616,3938,6651,175,123,207
822,-1.2224,5621,3939,6654,175,123,207
823,-1.2206,5622,3940,6656,175,123,207
824,-1.2189,5626,3941,6658,175,123,207
825,-1.2171,5630,3943,6660,175,123,207
826,-1.2154,5632,3944,6662,175,123,207
827,-1.2136,5636,3945,6665,175,123,208
828,-1.2119,5638,3946,6667,176,123,208
829,-1.2102,5642,3947,6669,176,123,208
830,-1.2084,5644,3948,6671,176,123,208
831,-1.2067,5649,3949,6673,176,123,208
832,-1.2049,5650,3950,6675,176,123,208
833,-1.2032,5655,3951,6678,176,123,208
834,-1.2015,5656,3952,6680,176,123,208
835,-1.1998,5661,3953,6682,176,123,208
836,-1.1980,5662,3954,6684,176,123,208
837,-1.1963,5667,3955,6686,176,123,208
838,-1.1946,5668,3956,6688,176,123,208
839,-1.1929,5673,3957,6691,177,123,208
840,-1.1911,5674,3958,6693,177,123,208
841,-1.1894,5679,3959,6695,177,123,208
842,-1.1877,5680,3960,6697,177,123,209
843,-1.1860,5684,3961,6699,177,123,209
844,-1.1843,5688,3962,6701,177,123,209
845,-1.1826,5690,3963,6703,177,123,209
846,-1.1809,5694,3964,6705,177,123,209
847,-1.1792,5696,3965,6708,177,123,209
848,-1.1775,5700,3966,6710,177,123,209
849,-1.1758,5702,3967,6712,178,124,209
850,-1.1741,5706,3968,6714,178,124,209
851,-1.1724,5708,3969,6716,178,124,209
852,-1.1707,5712,3970,6718,178,124,209
853,-1.1690,5714,3971,6720,178,124,209
854,-1.1673,5718,3972,6722,178,124,209
855,-1.1656,5720,3973,6725,178,124,209
856,-1.1639,5724,3974,6727,178,124,209
857,-1.1622,5726,3975,6729,178,124,210
858,-1.1606,5730,3976,6731,178,124,210
859,-1.1589,5732,3977,6733,178,124,210
860,-1.1572,5736,3978,6735,179,124,210
861,-1.1555,5738,3979,6737,179,124,210
862,-1.1538,5742,3980,6739,179,124,210
863,-1.1522,5744,3981,6741,179,124,210
864,-1.1505,5748,3982,6743,179,124,210
865,-1.1488,5750,3983,6746,179,124,210
866,-1.1472,5754,3984,6748,179,124,210
867,-1.1455,5756,3985,6750,179,124,210
868,-1.1438,5760,3986,6752,179,124,210
869,-1.1422,5762,3987,6754,179,124,210
870,-1.1405,5766,3988,6756,180,124,210
871,-1.1389,5768,3989,6758,180,124,210
872,-1.1372,5772,3990,6760,180,124,210
873,-1.1355,5774,3991,6762,180,124,211
874,-1.1339,5778,3992,6764,180,124,211
875,-1.1322,5781,3993,6766,180,124,211
876,-1.1306,5782,3994,6768,180,124,211
877,-1.1290,5787,3995,6770,180,124,211
878,-1.1273,5788,3996,6772,180,124,211
879,-1.1257,5793,3997,6774,180,124,211
880,-1.1240,5794,3998,6776,180,124,211
881,-1.1224,5799,3999,6779,181,125,211
882,-1.1208,5800,4000,6781,181,125,211
883,-1.1191,5805,4001,6783,181,125,211
884,-1.1175,5806,4002,6785,181,125,211
885,-1.1159,5811,4003,6787,181,125,211
886,-1.1142,5812,4004,6789,181,125,211
887,-1.1126,5816,4005,6791,181,125,211
888,-1.1110,5818,4006,6793,181,125,212
889,-1.1093,5822,4007,6795,181,125,212
890,-1.1077,5824,4008,6797,181,125,212
891,-1.1061,5828,4009,6799,181,125,212
892,-1.1045,5830,4010,6801,182,125,212
893,-1.1029,5834,4011,6803,182,125,212
894,-1.1013,5837,4012,6805,182,125,212
895,-1.0996,5838,4013,6807,182,125,212
896,-1.0980,5843,4014,6809,182,125,212
897,-1.0964,5844,4015,6811,182,125,212
898,-1.0948,5849,4016,6813,182,125,212
899,-1.0932,5850,4016,6815,182,125,212
900,-1.0916,5855,4017,6817,182,125,212
901,-1.0900,5856,4018,6819,182,125,212
902,-1.0884,5860,4019,6821,182,125,212
903,-1.0868,5862,4020,6823,183,125,212
904,-1.0852,5866,4021,6825,183,125,212
905,-1.0836,5868,4022,6827,183,125,213
906,-1.0820,5872,4023,6829,183,125,213
907,-1.0804,5875,4024,6831,183,125,213
908,-1.0788,5876,4025,6833,183,125,213
909,-1.0773,5881,4026,6835,183,125,213
910,-1.0757,5882,4027,6837,183,125,213
911,-1.0741,5887,4028,6839,183,125,213
912,-1.0725,5888,4029,6841,183,125,213
913,-1.0709,5892,4030,6843,183,125,213
914,-1.0693,5894,4031,6845,184,126,213
915,-1.0678,5898,4032,6847,184,126,213
916,-1.0662,5901,4033,6849,184,126,213
917,-1.0646,5902,4034,6851,184,126,213
918,-1.0630,5907,4035,6853,184,126,213
919,-1.0615,5908,4035,6855,184,126,213
920,-1.0599,5913,4036,6857,184,126,213
921,-1.0583,5914,4037,6859,184,126,214
922,-1.0568,5918,4038,6861,184,126,214
923,-1.0552,5920,4039,6863,184,126,214
924,-1.0536,5924,4040,6865,184,126,214
925,-1.0521,5927,4041,6866,185,126,214
926,-1.0505,5928,4042,6868,185,126,214
927,-1.0490,5933,4043,6870,185,126,214
928,-1.0474,5934,4044,6872,185,126,214
929,-1.0459,5938,4045,6874,185,126,214
930,-1.0443,5940,4046,6876,185,126,214
931,-1.0427,5944,4047,6878,185,126,214
932,-1.0412,5947,4048,6880,185,126,214
933,-1.0397,5948,4048,6882,185,126,214
934,-1.0381,5953,4049,6884,185,126,214
935,-1.0366,5954,4050,6886,185,126,214
936,-1.0350,5958,4051,6888,186,126,214
937,-1.0335,5960,4052,6890,186,126,215
938,-1.0319,5964,4053,6892,186,126,215
939,-1.0304,5967,4054,6894,186,126,215
940,-1.0289,5968,4055,6896,186,126,215
941,-1.0273,5973,4056,6897,186,126,215
942,-1.0258,5974,4057,6899,186,126,215
943,-1.0243,5978,4058,6901,186,126,215
944,-1.0227,5980,4059,6903,186,126,215
945,-1.0212,5984,4060,6905,186,126,215
946,-1.0197,5987,4060,6907,186,126,215
947,-1.0182,5988,4061,6909,186,126,215
948,-1.0166,5992,4062,6911,187,126,215
949,-1.0151,5994,4063,6913,187,127,215
950,-1.0136,5998,4064,6915,187,127,215
951,-1.0121,6001,4065,6917,187,127,215
952,-1.0106,6002,4066,6918,187,127,215
953,-1.0091,6007,4067,6920,187,127,215
954,-1.0075,6008,4068,6922,187,127,216
955,-1.0060,6012,4069,6924,187,127,216
956,-1.0045,6015,4069,6926,187,127,216
957,-1.0030,6016,4070,6928,187,127,216
958,-1.0015,6021,4071,6930,187,127,216
959,-1.0000,6022,4072,6932,187,127,216
960,-0.9985,6026,4073,6934,188,127,216
961,-0.9970,6028,4074,6935,188,127,216
962,-0.9955,6032,4075,6937,188,127,216
963,-0.9940,6035,4076,6939,188,127,216
964,-0.9925,6036,4077,6941,188,127,216
965,-0.9910,6040,4078,6943,188,127,216
966,-0.9895,6042,4078,6945,188,127,216
967,-0.9880,6046,4079,6947,188,127,216
968,-0.9865,6049,4080,6949,188,127,216
969,-0.9850,6050,4081,6950,188,127,216
970,-0.9835,6054,4082,6952,188,127,216
971,-0.9821,6057,4083,6954,189,127,217
972,-0.9806,6058,4084,6956,189,127,217
973,-0.9791,6063,4085,6958,189,127,217
974,-0.9776,6064,4086,6960,189,127,217
975,-0.9761,6068,4086,6962,189,127,217
976,-0.9746,6071,4087,6963,189,127,217
977,-0.9732,6072,4088,6965,189,127,217
978,-0.9717,6077,4089,6967,189,127,217
979,-0.9702,6078,4090,6969,189,127,217
980,-0.9687,6082,4091,6971,189,127,217
981,-0.9673,6085,4092,6973,189,127,217
982,-0.9658,6086,4093,6974,189,127,217
983,-0.9643,6090,4094,6976,190,127,217
984,-0.9629,6092,4094,6978,190,127,217
985,-0.9614,6096,4095,6980,190,128,217
986,-0.9599,6099,4096,6982,190,128,217
987,-0.9585,6100,4097,6984,190,128,217
988,-0.9570,6104,4098,6985,190,128,217
989,-0.9556,6107,4099,6987,190,128,218
990,-0.9541,6108,4100,6989,190,128,218
991,-0.9526,6113,4101,6991,190,128,218
992,-0.9512,6114,4101,6993,190,128,218
993,-0.9497,6118,4102,6995,190,128,218
994,-0.9483,6121,4103,6996,191,128,218
995,-0.9468,6122,4104,6998,191,128,218
996,-0.9454,6126,4105,7000,191,128,218
997,-0.9439,6129,4106,7002,191,128,218
998,-0.9425,6130,4107,7004,191,128,218
999,-0.9410,6135,4107,7005,191,128,218
1000,-0.9396,6136,4108,7007,191,128,218
1001,-0.9382,6140,4109,7009,191,128,218
1002,-0.9367,6143,4110,7011,191,128,218
1003,-0.9353,6144,4111,7013,191,128,218
1004,-0.9338,6148,4112,7014,191,128,218
1005,-0.9324,6151,4113,7016,192,128,218
1006,-0.9310,6152,4114,7018,192,128,219
1007,-0.9295,6157,4114,7020,192,128,219
1008,-0.9281,6158,4115,7022,192,128,219
1009,-0.9267,6162,4116,7023,192,128,219
1010,-0.9252,6165,4117,7025,192,128,219
1011,-0.9238,6166,4118,7027,192,128,219
1012,-0.9224,6170,4119,7029,192,128,219
1013,-0.9210,6173,4119,7031,192,128,219
1014,-0.9195,6174,4120,7032,192,128,219
1015,-0.9181,6178,4121,7034,192,128,219
1016,-0.9167,6181,4122,7036,192,128,219
1017,-0.9153,6182,4123,7038,192,128,219
1018,-0.9139,6186,4124,7040,193,128,219
1019,-0.9124,6188,4125,7041,193,128,219
1020,-0.9110,6192,4125,7043,193,128,219
1021,-0.9096,6195,4126,7045,193,128,219
1022,-0.9082,6196,4127,7047,193,128,219
1023,-0.9068,6200,4128,7048,193,129,219
1024,-0.9054,6203,4129,7050,193,129,220
1025,-0.9040,6204,4130,7052,193,129,220
1026,-0.9026,6208,4131,7054,193,129,220
1027,-0.9012,6211,4131,7055,193,129,220
1028,-0.8998,6212,4132,7057,193,129,220
1029,-0.8984,6216,4133,7059,194,129,220
1030,-0.8970,6219,4134,7061,194,129,220
1031,-0.8956,6220,4135,7062,194,129,220
1032,-0.8942,6224,4136,7064,194,129,220
1033,-0.8928,6227,4136,7066,194,129,220
1034,-0.8914,6228,4137,7068,194,129,220
1035,-0.8900,6232,4138,7069,194,129,220
1036,-0.8886,6235,4139,7071,194,129,220
1037,-0.8872,6236,4140,7073,194,129,220
1038,-0.8858,6240,4141,7075,194,129,220
1039,-0.8844,6242,4141,7076,194,129,220
1040,-0.8830,6246,4142,7078,194,129,220
1041,-0.8816,6249,4143,7080,195,129,220
1042,-0.8802,6250,4144,7082,195,129,221
1043,-0.8789,6254,4145,7083,195,129,221
1044,-0.8775,6257,4146,7085,195,129,221
1045,-0.8761,6258,4146,7087,195,129,221
1046,-0.8747,6262,4147,7089,195,129,221
1047,-0.8733,6265,4148,7090,195,129,221
1048,-0.8720,6266,4149,7092,195,129,221
1049,-0.8706,6270,4150,7094,195,129,221
1050,-0.8692,6273,4150,7096,195,129,221
1051,-0.8678,6274,4151,7097,195,129,221
1052,-0.8665,6278,4152,7099,195,129,221
1053,-0.8651,6281,4153,7101,196,129,221
1054,-0.8637,6282,4154,7102,196,129,221
1055,-0.8624,6286,4155,7104,196,129,221
1056,-0.8610,6289,4155,7106,196,129,221
1057,-0.8596,6290,4156,7108,196,129,221
1058,-0.8583,6294,4157,7109,196,129,221
1059,-0.8569,6297,4158,7111,196,129,221
1060,-0.8555,6298,4159,7113,196,129,221
1061,-0.8542,6302,4160,7114,196,130,221
1062,-0.8528,6304,4160,7116,196,130,222
1063,-0.8515,6307,4161,7118,196,130,222
1064,-0.8501,6308,4162,7119,196,130,222
1065,-0.8487,6312,4163,7121,197,130,222
1066,-0.8474,6315,4164,7123,197,130,222
1067,-0.8460,6316,4164,7125,197,130,222
1068,-0.8447,6320,4165,7126,197,130,222
1069,-0.8433,6323,4166,7128,197,130,222
1070,-0.8420,6324,4167,7130,197,130,222
1071,-0.8406,6328,4168,7131,197,130,222
1072,-0.8393,6331,4168,7133,197,130,222
1073,-0.8380,6332,4169,7135,197,130,222
1074,-0.8366,6336,4170,7136,197,130,222
1075,-0.8353,6339,4171,7138,197,130,222
1076,-0.8339,6340,4172,7140,197,130,222
1077,-0.8326,6344,4172,7141,198,130,222
1078,-0.8312,6347,4173,7143,198,130,222
1079,-0.8299,6348,4174,7145,198,130,222
1080,-0.8286,6352,4175,7146,198,130,222
1081,-0.8272,6355,4176,7148,198,130,223
1082,-0.8259,6357,4176,7150,198,130,223
1083,-0.8246,6358,4177,7151,198,130,223
1084,-0.8232,6362,4178,7153,198,130,223
1085,-0.8219,6365,4179,7155,198,130,223
1086,-0.8206,6366,4180,7156,198,130,223
1087,-0.8193,6370,4180,7158,198,130,223
1088,-0.8179,6373,4181,7160,198,130,223
1089,-0.8166,6374,4182,7161,198,130,223
1090,-0.8153,6378,4183,7163,199,130,223
1091,-0.8140,6381,4184,7165,199,130,223
1092,-0.8126,6382,4184,7166,199,130,223
1093,-0.8113,6386,4185,7168,199,130,223
1094,-0.8100,6389,4186,7170,199,130,223
1095,-0.8087,6391,4187,7171,199,130,223
1096,-0.8074,6392,4188,7173,199,130,223
1097,-0.8060,6396,4188,7175,199,130,223
1098,-0.8047,6399,4189,7176,199,130,223
1099,-0.8034,6400,4190,7178,199,130,223
1100,-0.8021,6404,4191,7180,199,130,224
1101,-0.8008,6407,4192,7181,199,131,224
1102,-0.7995,6408,4192,7183,200,131,224
1103,-0.7982,6412,4193,7185,200,131,224
1104,-0.7969,6414,4194,7186,200,131,224
1105,-0.7956,6417,4195,7188,200,131,224
1106,-0.7943,6418,4195,7190,200,131,224
1107,-0.7929,6422,4196,7191,200,131,224
1108,-0.7916,6425,4197,7193,200,131,224
1109,-0.7903,6426,4198,7194,200,131,224
1110,-0.7890,6430,4199,7196,200,131,224
1111,-0.7877,6433,4199,7198,200,131,224
1112,-0.7864,6435,4200,7199,200,131,224
1113,-0.7851,6436,4201,7201,200,131,224
1114,-0.7839,6440,4202,7203,201,131,224
1115,-0.7826,6443,4202,7204,201,131,224
1116,-0.7813,6444,4203,7206,201,131,224
1117,-0.7800,6448,4204,7207,201,131,224
1118,-0.7787,6451,4205,7209,201,131,224
1119,-0.7774,6453,4206,7211,201,131,225
1120,-0.7761,6454,4206,7212,201,131,225
1121,-0.7748,6458,4207,7214,201,131,225
1122,-0.7735,6461,4208,7216,201,131,225
1123,-0.7722,6462,4209,7217,201,131,225
1124,-0.7710,6466,4209,7219,201,131,225
1125,-0.7697,6469,4210,7220,201,131,225
1126,-0.7684,6471,4211,7222,201,131,225
1127,-0.7671,6472,4212,7224,202,131,225
1128,-0.7658,6476,4212,7225,202,131,225
1129,-0.7646,6479,4213,7227,202,131,225
1130,-0.7633,6480,4214,7228,202,131,225
1131,-0.7620,6484,4215,7230,202,131,225
1132,-0.7607,6486,4216,7232,202,131,225
1133,-0.7595,6489,4216,7233,202,131,225
1134,-0.7582,6490,4217,7235,202,131,225
1135,-0.7569,6494,4218,7236,202,131,225
1136,-0.7556,6497,4219,7238,202,131,225
1137,-0.7544,6499,4219,7240,202,131,225
1138,-0.7531,6500,4220,7241,202,131,225
1139,-0.7518,6504,4221,7243,203,131,226
1140,-0.7506,6507,4222,7244,203,131,226
1141,-0.7493,6508,4222,7246,203,131,226
1142,-0.7480,6512,4223,7248,203,131,226
1143,-0.7468,6514,4224,7249,203,132,226
1144,-0.7455,6517,4225,7251,203,132,226
1145,-0.7443,6518,4225,7252,203,132,226
1146,-0.7430,6522,4226,7254,203,132,226
1147,-0.7417,6525,4227,7255,203,132,226
1148,-0.7405,6527,4228,7257,203,132,226
1149,-0.7392,6528,4228,7259,203,132,226
1150,-0.7380,6532,4229,7260,203,132,226
1151,-0.7367,6535,4230,7262,203,132,226
1152,-0.7355,6536,4231,7263,204,132,226
1153,-0.7342,6540,4231,7265,204,132,226
1154,-0.7330,6542,4232,7266,204,132,226
1155,-0.7317,6545,4233,7268,204,132,226
1156,-0.7305,6546,4234,7270,204,132,226
1157,-0.7292,6550,4234,7271,204,132,226
1158,-0.7280,6552,4235,7273,204,132,226
1159,-0.7267,6555,4236,7274,204,132,226
1160,-0.7255,6556,4237,7276,204,132,227
1161,-0.7242,6560,4237,7277,204,132,227
1162,-0.7230,6562,4238,7279,204,132,227
1163,-0.7218,6565,4239,7281,204,132,227
1164,-0.7205,6566,4240,7282,204,132,227
1165,-0.7193,6570,4240,7284,205,132,227
1166,-0.7180,6573,4241,7285,205,132,227
1167,-0.7168,6575,4242,7287,205,132,227
1168,-0.7156,6576,4243,7288,205,132,227
1169,-0.7143,6580,4243,7290,205,132,227
1170,-0.7131,6583,4244,7291,205,132,227
1171,-0.7119,6585,4245,7293,205,132,227
1172,-0.7106,6586,4246,7295,205,132,227
1173,-0.7094,6590,4246,7296,205,132,227
1174,-0.7082,6593,4247,7298,205,132,227
1175,-0.7069,6595,4248,7299,205,132,227
1176,-0.7057,6596,4249,7301,205,132,227
1177,-0.7045,6600,4249,7302,205,132,227
1178,-0.7033,6603,4250,7304,206,132,227
1179,-0.7020,6605,4251,7305,206,132,227
1180,-0.7008,6606,4251,7307,206,132,228
1181,-0.6996,6610,4252,7308,206,132,228
1182,-0.6984,6612,4253,7310,206,132,228
1183,-0.6972,6615,4254,7311,206,132,228
1184,-0.6959,6616,4254,7313,206,132,228
1185,-0.6947,6620,4255,7315,206,132,228
1186,-0.6935,6622,4256,7316,206,133,228
1187,-0.6923,6625,4257,7318,206,133,228
1188,-0.6911,6626,4257,7319,206,133,228
1189,-0.6899,6630,4258,7321,206,133,228
1190,-0.6886,6632,4259,7322,206,133,228
1191,-0.6874,6635,4260,7324,207,133,228
1192,-0.6862,6636,4260,7325,207,133,228
1193,-0.6850,6640,4261,7327,207,133,228
1194,-0.6838,6642,4262,7328,207,133,228
1195,-0.6826,6645,4262,7330,207,133,228
1196,-0.6814,6647,4263,7331,207,133,228
1197,-0.6802,6648,4264,7333,207,133,228
1198,-0.6790,6652,4265,7334,207,133,228
1199,-0.6778,6655,4265,7336,207,133,228
1200,-0.6766,6657,4266,7337,207,133,228
1201,-0.6754,6658,4267,7339,207,133,229
1202,-0.6742,6662,4267,7340,207,133,229
1203,-0.6730,6664,4268,7342,207,133,229
1204,-0.6718,6667,4269,7343,208,133,229
1205,-0.6706,6668,4270,7345,208,133,229
1206,-0.6694,6672,4270,7346,208,133,229
1207,-0.6682,6674,4271,7348,208,133,229
1208,-0.6670,6677,4272,7349,208,133,229
1209,-0.6658,6679,4273,7351,208,133,229
1210,-0.6646,6680,4273,7352,208,133,229
1211,-0.6634,6684,4274,7354,208,133,229
1212,-0.6622,6687,4275,7355,208,133,229
1213,-0.6610,6689,4275,7357,208,133,229
1214,-0.6598,6690,4276,7358,208,133,229
1215,-0.6586,6694,4277,7360,208,133,229
1216,-0.6575,6696,4278,7361,208,133,229
1217,-0.6563,6699,4278,7363,209,133,229
1218,-0.6551,6700,4279,7364,209,133,229
1219,-0.6539,6704,4280,7366,209,133,229
1220,-0.6527,6706,4280,7367,209,133,229
1221,-0.6515,6709,4281,7369,209,133,229
1222,-0.6504,6711,4282,7370,209,133,229
1223,-0.6492,6712,4282,7372,209,133,230
1224,-0.6480,6716,4283,7373,209,133,230
1225,-0.6468,6718,4284,7375,209,133,230
1226,-0.6456,6721,4285,7376,209,133,230
1227,-0.6445,6723,4285,7378,209,133,230
1228,-0.6433,6724,4286,7379,209,133,230
1229,-0.6421,6728,4287,7381,209,133,230
1230,-0.6409,6731,4287,7382,210,133,230
1231,-0.6398,6733,4288,7384,210,134,230
1232,-0.6386,6734,4289,7385,210,134,230
1233,-0.6374,6738,4290,7387,210,134,230
1234,-0.6363,6740,4290,7388,210,134,230
1235,-0.6351,6743,4291,7389,210,134,230
1236,-0.6339,6745,4292,7391,210,134,230
1237,-0.6328,6746,4292,7392,210,134,230
1238,-0.6316,6750,4293,7394,210,134,230
1239,-0.6304,6752,4294,7395,210,134,230
1240,-0.6293,6755,4294,7397,210,134,230
1241,-0.6281,6757,4295,7398,210,134,230
1242,-0.6269,6758,4296,7400,210,134,230
1243,-0.6258,6762,4297,7401,211,134,230
1244,-0.6246,6765,4297,7403,211,134,230
1245,-0.6235,6767,4298,7404,211,134,231
1246,-0.6223,6768,4299,7406,211,134,231
1247,-0.6211,6772,4299,7407,211,134,231
1248,-0.6200,6774,4300,7408,211,134,231
1249,-0.6188,6777,4301,7410,211,134,231
1250,-0.6177,6779,4301,7411,211,134,231
1251,-0.6165,6780,4302,7413,211,134,231
1252,-0.6154,6784,4303,7414,211,134,231
1253,-0.6142,6786,4303,7416,211,134,231
1254,-0.6131,6789,4304,7417,211,134,231
1255,-0.6119,6791,4305,7419,211,134,231
1256,-0.6108,6792,4306,7420,211,134,231
1257,-0.6096,6796,4306,7421,212,134,231
1258,-0.6085,6798,4307,7423,212,134,231
1259,-0.6073,6801,4308,7424,212,134,231
1260,-0.6062,6803,4308,7426,212,134,231
1261,-0.6050,6804,4309,7427,212,134,231
1262,-0.6039,6808,4310,7429,212,134,231
1263,-0.6027,6810,4310,7430,212,134,231
1264,-0.6016,6813,4311,7432,212,134,231
1265,-0.6005,6815,4312,7433,212,134,231
1266,-0.5993,6816,4312,7434,212,134,231
1267,-0.5982,6820,4313,7436,212,134,232
1268,-0.5970,6822,4314,7437,212,134,232
1269,-0.5959,6825,4314,7439,212,134,232
1270,-0.5948,6827,4315,7440,213,134,232
1271,-0.5936,6828,4316,7442,213,134,232
1272,-0.5925,6832,4317,7443,213,134,232
1273,-0.5914,6834,4317,7444,213,134,232
1274,-0.5902,6836,4318,7446,213,134,232
1275,-0.5891,6839,4319,7447,213,134,232
1276,-0.5880,6841,4319,7449,213,134,232
1277,-0.5868,6842,4320,7450,213,135,232
1278,-0.5857,6846,4321,7452,213,135,232
1279,-0.5846,6848,4321,7453,213,135,232
1280,-0.5835,6851,4322,7454,213,135,232
1281,-0.5823,6853,4323,7456,213,135,232
1282,-0.5812,6854,4323,7457,213,135,232
1283,-0.5801,6858,4324,7459,214,135,232
1284,-0.5790,6860,4325,7460,214,135,232
1285,-0.5778,6863,4325,7461,214,135,232
1286,-0.5767,6865,4326,7463,214,135,232
1287,-0.5756,6866,4327,7464,214,135,232
1288,-0.5745,6870,4327,7466,214,135,232
1289,-0.5734,6872,4328,7467,214,135,232
1290,-0.5722,6874,4329,7468,214,135,233
1291,-0.5711,6877,4329,7470,214,135,233
1292,-0.5700,6879,4330,7471,214,135,233
1293,-0.5689,6880,4331,7473,214,135,233
1294,-0.5678,6884,4331,7474,214,135,233
1295,-0.5667,6886,4332,7476,214,135,233
1296,-0.5655,6889,4333,7477,214,135,233
1297,-0.5644,6891,4333,7478,215,135,233
1298,-0.5633,6892,4334,7480,215,135,233
1299,-0.5622,6896,4335,7481,215,135,233
1300,-0.5611,6898,4335,7483,215,135,233
1301,-0.5600,6900,4336,7484,215,135,233
1302,-0.5589,6903,4337,7485,215,135,233
1303,-0.5578,6905,4337,7487,215,135,233
1304,-0.5567,6906,4338,7488,215,135,233
1305,-0.5556,6910,4339,7489,215,135,233
1306,-0.5544,6912,4339,7491,215,135,233
1307,-0.5533,6915,4340,7492,215,135,233
1308,-0.5522,6917,4341,7494,215,135,233
1309,-0.5511,6919,4341,7495,215,135,233
1310,-0.5500,6920,4342,7496,215,135,233
1311,-0.5489,6924,4343,7498,216,135,233
1312,-0.5478,6926,4343,7499,216,135,233
1313,-0.5467,6929,4344,7501,216,135,234
1314,-0.5456,6931,4345,7502,216,135,234
1315,-0.5445,6933,4345,7503,216,135,234
1316,-0.5434,6934,4346,7505,216,135,234
1317,-0.5423,6938,4347,7506,216,135,234
1318,-0.5413,6940,4347,7507,216,135,234
1319,-0.5402,6943,4348,7509,216,135,234
1320,-0.5391,6945,4349,7510,216,135,234
1321,-0.5380,6947,4349,7512,216,135,234
1322,-0.5369,6948,4350,7513,216,135,234
1323,-0.5358,6952,4351,7514,216,135,234
1324,-0.5347,6954,4351,7516,217,135,234
1325,-0.5336,6957,4352,7517,217,136,234
1326,-0.5325,6959,4353,7518,217,136,234
1327,-0.5314,6961,4353,7520,217,136,234
1328,-0.5303,6962,4354,7521,217,136,234
1329,-0.5293,6966,4355,7523,217,136,234
1330,-0.5282,6968,4355,7524,217,136,234
1331,-0.5271,6971,4356,7525,217,136,234
1332,-0.5260,6973,4357,7527,217,136,234
1333,-0.5249,6975,4357,7528,217,136,234
1334,-0.5238,6976,4358,7529,217,136,234
1335,-0.5228,6980,4358,7531,217,136,234
1336,-0.5217,6982,4359,7532,217,136,235
1337,-0.5206,6984,4360,7533,217,136,235
1338,-0.5195,6987,4360,7535,218,136,235
1339,-0.5184,6989,4361,7536,218,136,235
1340,-0.5174,6990,4362,7538,218,136,235
1341,-0.5163,6994,4362,7539,218,136,235
1342,-0.5152,6996,4363,7540,218,136,235
1343,-0.5141,6998,4364,7542,218,136,235
1344,-0.5131,7001,4364,7543,218,136,235
1345,-0.5120,7003,4365,7544,218,136,235
1346,-0.5109,7005,4366,7546,218,136,235
1347,-0.5099,7006,4366,7547,218,136,235
1348,-0.5088,7010,4367,7548,218,136,235
1349,-0.5077,7012,4368,7550,218,136,235
1350,-0.5066,7014,4368,7551,218,136,235
1351,-0.5056,7017,4369,7552,218,136,235
1352,-0.5045,7019,4369,7554,219,136,235
1353,-0.5034,7020,4370,7555,219,136,235
1354,-0.5024,7024,4371,7556,219,136,235
1355,-0.5013,7026,4371,7558,219,136,235
1356,-0.5002,7028,4372,7559,219,136,235
1357,-0.4992,7031,4373,7560,219,136,235
1358,-0.4981,7033,4373,7562,219,136,235
1359,-0.4971,7035,4374,7563,219,136,235
1360,-0.4960,7036,4375,7564,219,136,236
1361,-0.4949,7040,4375,7566,219,136,236
1362,-0.4939,7042,4376,7567,219,136,236
1363,-0.4928,7044,4376,7568,219,136,236
1364,-0.4918,7047,4377,7570,219,136,236
1365,-0.4907,7049,4378,7571,219,136,236
1366,-0.4896,7051,4378,7572,220,136,236
1367,-0.4886,7052,4379,7574,220,136,236
1368,-0.4875,7056,4380,7575,220,136,236
1369,-0.4865,7058,4380,7576,220,136,236
1370,-0.4854,7060,4381,7578,220,136,236
1371,-0.4844,7063,4382,7579,220,136,236
1372,-0.4833,7065,4382,7580,220,136,236
1373,-0.4823,7067,4383,7582,220,136,236
1374,-0.4812,7068,4383,7583,220,136,236
1375,-0.4802,7072,4384,7584,220,136,236
1376,-0.4791,7074,4385,7586,220,137,236
1377,-0.4781,7076,4385,7587,220,137,236
1378,-0.4770,7079,4386,7588,220,137,236
1379,-0.4760,7081,4387,7590,220,137,236
1380,-0.4749,7083,4387,7591,221,137,236
1381,-0.4739,7084,4388,7592,221,137,236
1382,-0.4728,7088,4388,7594,221,137,236
1383,-0.4718,7090,4389,7595,221,137,236
1384,-0.4708,7092,4390,7596,221,137,237
1385,-0.4697,7095,4390,7597,221,137,237
1386,-0.4687,7097,4391,7599,221,137,237
1387,-0.4676,7099,4392,7600,221,137,237
1388,-0.4666,7101,4392,7601,221,137,237
1389,-0.4656,7102,4393,7603,221,137,237
1390,-0.4645,7106,4393,7604,221,137,237
1391,-0.4635,7108,4394,7605,221,137,237
1392,-0.4624,7110,4395,7607,221,137,237
1393,-0.4614,7113,4395,7608,221,137,237
1394,-0.4604,7115,4396,7609,222,137,237
1395,-0.4593,7117,4397,7611,222,137,237
1396,-0.4583,7118,4397,7612,222,137,237
1397,-0.4573,7122,4398,7613,222,137,237
1398,-0.4562,7124,4398,7614,222,137,237
1399,-0.4552,7126,4399,7616,222,137,237
1400,-0.4542,7128,4400,7617,222,137,237
1401,-0.4531,7131,4400,7618,222,137,237
1402,-0.4521,7133,4401,7620,222,137,237
1403,-0.4511,7135,4402,7621,222,137,237
1404,-0.4501,7136,4402,7622,222,137,237
1405,-0.4490,7140,4403,7624,222,137,237
1406,-0.4480,7142,4403,7625,222,137,237
1407,-0.4470,7144,4404,7626,222,137,237
1408,-0.4460,7146,4405,7627,222,137,237
1409,-0.4449,7149,4405,7629,223,137,238
1410,-0.4439,7151,4406,7630,223,137,238
1411,-0.4429,7153,4407,7631,223,137,238
1412,-0.4419,7154,4407,7633,223,137,238
1413,-0.4408,7158,4408,7634,223,137,238
1414,-0.4398,7160,4408,7635,223,137,238
1415,-0.4388,7162,4409,7636,223,137,238
1416,-0.4378,7164,4410,7638,223,137,238
1417,-0.4368,7167,4410,7639,223,137,238
1418,-0.4357,7169,4411,7640,223,137,238
1419,-0.4347,7171,4411,7642,223,137,238
1420,-0.4337,7173,4412,7643,223,137,238
1421,-0.4327,7174,4413,7644,223,137,238
1422,-0.4317,7178,4413,7645,223,137,238
1423,-0.4307,7180,4414,7647,224,137,238
1424,-0.4297,7182,4414,7648,224,137,238
1425,-0.4286,7185,4415,7649,224,137,238
1426,-0.4276,7187,4416,7650,224,137,238
1427,-0.4266,7189,4416,7652,224,137,238
1428,-0.4256,7191,4417,7653,224,138,238
1429,-0.4246,7192,4418,7654,224,138,238
1430,-0.4236,7196,4418,7656,224,138,238
1431,-0.4226,7198,4419,7657,224,138,238
1432,-0.4216,7200,4419,7658,224,138,238
1433,-0.4206,7202,4420,7659,224,138,238
1434,-0.4196,7205,4421,7661,224,138,239
1435,-0.4186,7207,4421,7662,224,138,239
1436,-0.4175,7209,4422,7663,224,138,239
1437,-0.4165,7211,4422,7664,225,138,239
1438,-0.4155,7212,4423,7666,225,138,239
1439,-0.4145,7216,4424,7667,225,138,239
1440,-0.4135,7218,4424,7668,225,138,239
1441,-0.4125,7220,4425,7670,225,138,239
1442,-0.4115,7222,4425,7671,225,138,239
1443,-0.4105,7225,4426,7672,225,138,239
1444,-0.4095,7227,4427,7673,225,138,239
1445,-0.4085,7229,4427,7675,225,138,239
1446,-0.4075,7231,4428,7676,225,138,239
1447,-0.4065,7232,4428,7677,225,138,239
1448,-0.4055,7236,4429,7678,225,138,239
1449,-0.4045,7238,4430,7680,225,138,239
1450,-0.4035,7240,4430,7681,225,138,239
1451,-0.4026,7242,4431,7682,225,138,239
1452,-0.4016,7244,4431,7683,226,138,239
1453,-0.4006,7247,4432,7685,226,138,239
1454,-0.3996,7249,4433,7686,226,138,239
1455,-0.3986,7251,4433,7687,226,138,239
1456,-0.3976,7253,4434,7688,226,138,239
1457,-0.3966,7254,4434,7690,226,138,239
1458,-0.3956,7258,4435,7691,226,138,239
1459,-0.3946,7260,4436,7692,226,138,239
1460,-0.3936,7262,4436,7693,226,138,240
1461,-0.3926,7264,4437,7695,226,138,240
1462,-0.3917,7266,4437,7696,226,138,240
1463,-0.3907,7269,4438,7697,226,138,240
1464,-0.3897,7271,4439,7698,226,138,240
1465,-0.3887,7273,4439,7700,226,138,240
1466,-0.3877,7275,4440,7701,227,138,240
1467,-0.3867,7276,4440,7702,227,138,240
1468,-0.3858,7280,4441,7703,227,138,240
1469,-0.3848,7282,4441,7704,227,138,240
1470,-0.3838,7284,4442,7706,227,138,240
1471,-0.3828,7286,4443,7707,227,138,240
1472,-0.3818,7288,4443,7708,227,138,240
1473,-0.3808,7291,4444,7709,227,138,240
1474,-0.3799,7293,4444,7711,227,138,240
1475,-0.3789,7295,4445,7712,227,138,240
1476,-0.3779,7297,4446,7713,227,138,240
1477,-0.3769,7299,4446,7714,227,138,240
1478,-0.3760,7300,4447,7716,227,138,240
1479,-0.3750,7304,4447,7717,227,138,240
1480,-0.3740,7306,4448,7718,227,138,240
1481,-0.3730,7308,4449,7719,228,139,240
1482,-0.3721,7310,4449,7721,228,139,240
1483,-0.3711,7312,4450,7722,228,139,240
1484,-0.3701,7315,4450,7723,228,139,240
1485,-0.3691,7317,4451,7724,228,139,240
1486,-0.3682,7319,4451,7725,228,139,241
1487,-0.3672,7321,4452,7727,228,139,241
1488,-0.3662,7323,4453,7728,228,139,241
1489,-0.3653,7324,4453,7729,228,139,241
1490,-0.3643,7328,4454,7730,228,139,241
1491,-0.3633,7330,4454,7732,228,139,241
1492,-0.3624,7332,4455,7733,228,139,241
1493,-0.3614,7334,4456,7734,228,139,241
1494,-0.3604,7336,4456,7735,228,139,241
1495,-0.3595,7339,4457,7736,229,139,241
1496,-0.3585,7341,4457,7738,229,139,241
1497,-0.3575,7343,4458,7739,229,139,241
1498,-0.3566,7345,4458,7740,229,139,241
1499,-0.3556,7347,4459,7741,229,139,241
1500,-0.3546,7349,4460,7742,229,139,241
1501,-0.3537,7350,4460,7744,229,139,241
1502,-0.3527,7354,4461,7745,229,139,241
1503,-0.3518,7356,4461,7746,229,139,241
1504,-0.3508,7358,4462,7747,229,139,241
1505,-0.3498,7360,4463,7749,229,139,241
1506,-0.3489,7362,4463,7750,229,139,241
1507,-0.3479,7365,4464,7751,229,139,241
1508,-0.3470,7367,4464,7752,229,139,241
1509,-0.3460,7369,4465,7753,229,139,241
1510,-0.3451,7371,4465,7755,230,139,241
1511,-0.3441,7373,4466,7756,230,139,241
1512,-0.3431,7375,4467,7757,230,139,242
1513,-0.3422,7376,4467,7758,230,139,242
1514,-0.3412,7380,4468,7759,230,139,242
1515,-0.3403,7382,4468,7761,230,139,242
1516,-0.3393,7384,4469,7762,230,139,242
1517,-0.3384,7386,4469,7763,230,139,242
1518,-0.3374,7388,4470,7764,230,139,242
1519,-0.3365,7390,4471,7765,230,139,242
1520,-0.3355,7393,4471,7767,230,139,242
1521,-0.3346,7395,4472,7768,230,139,242
1522,-0.3336,7397,4472,7769,230,139,242
1523,-0.3327,7399,4473,7770,230,139,242
1524,-0.3317,7401,4473,7771,230,139,242
1525,-0.3308,7403,4474,7773,230,139,242
1526,-0.3298,7404,4475,7774,231,139,242
1527,-0.3289,7408,4475,7775,231,139,242
1528,-0.3280,7410,4476,7776,231,139,242
1529,-0.3270,7412,4476,7777,231,139,242
1530,-0.3261,7414,4477,7778,231,139,242
1531,-0.3251,7416,4477,7780,231,139,242
1532,-0.3242,7418,4478,7781,231,139,242
1533,-0.3232,7420,4479,7782,231,139,242
1534,-0.3223,7423,4479,7783,231,139,242
1535,-0.3214,7425,4480,7784,231,139,242
1536,-0.3204,7427,4480,7786,231,139,242
1537,-0.3195,7429,4481,7787,231,140,242
1538,-0.3185,7431,4481,7788,231,140,242
1539,-0.3176,7433,4482,7789,231,140,243
1540,-0.3167,7435,4482,7790,231,140,243
1541,-0.3157,7436,4483,7791,232,140,243
1542,-0.3148,7440,4484,7793,232,140,243
1543,-0.3139,7442,4484,7794,232,140,243
1544,-0.3129,7444,4485,7795,232,140,243
1545,-0.3120,7446,4485,7796,232,140,243
1546,-0.3111,7448,4486,7797,232,140,243
1547,-0.3101,7450,4486,7799,232,140,243
1548,-0.3092,7452,4487,7800,232,140,243
1549,-0.3083,7455,4488,7801,232,140,243
1550,-0.3073,7457,4488,7802,232,140,243
1551,-0.3064,7459,4489,7803,232,140,243
1552,-0.3055,7461,4489,7804,232,140,243
1553,-0.3045,7463,4490,7806,232,140,243
1554,-0.3036,7465,4490,7807,232,140,243
1555,-0.3027,7467,4491,7808,232,140,243
1556,-0.3018,7469,4491,7809,233,140,243
1557,-0.3008,7470,4492,7810,233,140,243
1558,-0.2999,7474,4493,7811,233,140,243
1559,-0.2990,7476,4493,7813,233,140,243
1560,-0.2981,7478,4494,7814,233,140,243
1561,-0.2971,7480,4494,7815,233,140,243
1562,-0.2962,7482,4495,7816,233,140,243
1563,-0.2953,7484,4495,7817,233,140,243
1564,-0.2944,7486,4496,7818,233,140,243
1565,-0.2934,7488,4496,7820,233,140,243
1566,-0.2925,7491,4497,7821,233,140,244
1567,-0.2916,7493,4498,7822,233,140,244
1568,-0.2907,7495,4498,7823,233,140,244
1569,-0.2898,7497,4499,7824,233,140,244
1570,-0.2888,7499,4499,7825,233,140,244
1571,-0.2879,7501,4500,7827,234,140,244
1572,-0.2870,7503,4500,7828,234,140,244
1573,-0.2861,7505,4501,7829,234,140,244
1574,-0.2852,7507,4501,7830,234,140,244
1575,-0.2843,7508,4502,7831,234,140,244
1576,-0.2833,7512,4503,7832,234,140,244
1577,-0.2824,7514,4503,7833,234,140,244
1578,-0.2815,7516,4504,7835,234,140,244
1579,-0.2806,7518,4504,7836,234,140,244
1580,-0.2797,7520,4505,7837,234,140,244
1581,-0.2788,7522,4505,7838,234,140,244
1582,-0.2779,7524,4506,7839,234,140,244
1583,-0.2769,7526,4506,7840,234,140,244
1584,-0.2760,7528,4507,7842,234,140,244
1585,-0.2751,7531,4508,7843,234,140,244
1586,-0.2742,7533,4508,7844,235,140,244
1587,-0.2733,7535,4509,7845,235,140,244
1588,-0.2724,7537,4509,7846,235,140,244
1589,-0.2715,7539,4510,7847,235,140,244
1590,-0.2706,7541,4510,7848,235,140,244
1591,-0.2697,7543,4511,7850,235,140,244
1592,-0.2688,7545,4511,7851,235,140,244
1593,-0.2679,7547,4512,7852,235,140,244
1594,-0.2670,7549,4512,7853,235,140,245
1595,-0.2660,7550,4513,7854,235,141,245
1596,-0.2651,7554,4514,7855,235,141,245
1597,-0.2642,7556,4514,7856,235,141,245
1598,-0.2633,7558,4515,7858,235,141,245
1599,-0.2624,7560,4515,7859,235,141,245
1600,-0.2615,7562,4516,7860,235,141,245
1601,-0.2606,7564,4516,7861,236,141,245
1602,-0.2597,7566,4517,7862,236,141,245
1603,-0.2588,7568,4517,7863,236,141,245
1604,-0.2579,7570,4518,7864,236,141,245
1605,-0.2570,7572,4518,7866,236,141,245
1606,-0.2561,7574,4519,7867,236,141,245
1607,-0.2552,7577,4520,7868,236,141,245
1608,-0.2543,7579,4520,7869,236,141,245
1609,-0.2534,7581,4521,7870,236,141,245
1610,-0.2525,7583,4521,7871,236,141,245
1611,-0.2516,7585,4522,7872,236,141,245
1612,-0.2508,7587,4522,7873,236,141,245
1613,-0.2499,7589,4523,7875,236,141,245
1614,-0.2490,7591,4523,7876,236,141,245
1615,-0.2481,7593,4524,7877,236,141,245
1616,-0.2472,7595,4524,7878,236,141,245
1617,-0.2463,7597,4525,7879,237,141,245
1618,-0.2454,7599,4525,7880,237,141,245
1619,-0.2445,7601,4526,7881,237,141,245
1620,-0.2436,7602,4527,7882,237,141,245
1621,-0.2427,7606,4527,7884,237,141,245
1622,-0.2418,7608,4528,7885,237,141,246
1623,-0.2409,7610,4528,7886,237,141,246
1624,-0.2401,7612,4529,7887,237,141,246
1625,-0.2392,7614,4529,7888,237,141,246
1626,-0.2383,7616,4530,7889,237,141,246
1627,-0.2374,7618,4530,7890,237,141,246
1628,-0.2365,7620,4531,7891,237,141,246
1629,-0.2356,7622,4531,7893,237,141,246
1630,-0.2347,7624,4532,7894,237,141,246
1631,-0.2338,7626,4532,7895,237,141,246
1632,-0.2330,7628,4533,7896,238,141,246
1633,-0.2321,7630,4533,7897,238,141,246
1634,-0.2312,7632,4534,7898,238,141,246
1635,-0.2303,7634,4535,7899,238,141,246
1636,-0.2294,7637,4535,7900,238,141,246
1637,-0.2285,7639,4536,7901,238,141,246
1638,-0.2277,7641,4536,7903,238,141,246
1639,-0.2268,7643,4537,7904,238,141,246
1640,-0.2259,7645,4537,7905,238,141,246
1641,-0.2250,7647,4538,7906,238,141,246
1642,-0.2241,7649,4538,7907,238,141,246
1643,-0.2233,7651,4539,7908,238,141,246
1644,-0.2224,7653,4539,7909,238,141,246
1645,-0.2215,7655,4540,7910,238,141,246
1646,-0.2206,7657,4540,7911,238,141,246
1647,-0.2198,7659,4541,7913,238,141,246
1648,-0.2189,7661,4541,7914,239,141,246
1649,-0.2180,7663,4542,7915,239,141,246
1650,-0.2171,7665,4542,7916,239,141,246
1651,-0.2163,7667,4543,7917,239,141,246
1652,-0.2154,7669,4544,7918,239,141,247
1653,-0.2145,7671,4544,7919,239,141,247
1654,-0.2136,7672,4545,7920,239,142,247
1655,-0.2128,7676,4545,7921,239,142,247
1656,-0.2119,7678,4546,7922,239,142,247
1657,-0.2110,7680,4546,7924,239,142,247
1658,-0.2102,7682,4547,7925,239,142,247
1659,-0.2093,7684,4547,7926,239,142,247
1660,-0.2084,7686,4548,7927,239,142,247
1661,-0.2076,7688,4548,7928,239,142,247
1662,-0.2067,7690,4549,7929,239,142,247
1663,-0.2058,7692,4549,7930,239,142,247
1664,-0.2049,7694,4550,7931,240,142,247
1665,-0.2041,7696,4550,7932,240,142,247
1666,-0.2032,7698,4551,7933,240,142,247
1667,-0.2023,7700,4551,7934,240,142,247
1668,-0.2015,7702,4552,7936,240,142,247
1669,-0.2006,7704,4552,7937,240,142,247
1670,-0.1998,7706,4553,7938,240,142,247
1671,-0.1989,7708,4553,7939,240,142,247
1672,-0.1980,7710,4554,7940,240,142,247
1673,-0.1972,7712,4555,7941,240,142,247
1674,-0.1963,7714,4555,7942,240,142,247
1675,-0.1954,7716,4556,7943,240,142,247
1676,-0.1946,7718,4556,7944,240,142,247
1677,-0.1937,7720,4557,7945,240,142,247
1678,-0.1929,7722,4557,7946,240,142,247
1679,-0.1920,7724,4558,7948,240,142,247
1680,-0.1911,7726,4558,7949,241,142,247
1681,-0.1903,7728,4559,7950,241,142,248
1682,-0.1894,7731,4559,7951,241,142,248
1683,-0.1886,7733,4560,7952,241,142,248
1684,-0.1877,7735,4560,7953,241,142,248
1685,-0.1869,7737,4561,7954,241,142,248
1686,-0.1860,7739,4561,7955,241,142,248
1687,-0.1851,7741,4562,7956,241,142,248
1688,-0.1843,7743,4562,7957,241,142,248
1689,-0.1834,7745,4563,7958,241,142,248
1690,-0.1826,7747,4563,7959,241,142,248
1691,-0.1817,7749,4564,7961,241,142,248
1692,-0.1809,7751,4564,7962,241,142,248
1693,-0.1800,7753,4565,7963,241,142,248
1694,-0.1792,7755,4565,7964,241,142,248
1695,-0.1783,7757,4566,7965,242,142,248
1696,-0.1775,7759,4566,7966,242,142,248
1697,-0.1766,7761,4567,7967,242,142,248
1698,-0.1758,7763,4567,7968,242,142,248
1699,-0.1749,7765,4568,7969,242,142,248
1700,-0.1741,7767,4568,7970,242,142,248
1701,-0.1732,7769,4569,7971,242,142,248
1702,-0.1724,7771,4569,7972,242,142,248
1703,-0.1715,7773,4570,7973,242,142,248
1704,-0.1707,7775,4570,7974,242,142,248
1705,-0.1698,7777,4571,7976,242,142,248
1706,-0.1690,7779,4572,7977,242,142,248
1707,-0.1681,7781,4572,7978,242,142,248
1708,-0.1673,7783,4573,7979,242,142,248
1709,-0.1665,7785,4573,7980,242,142,248
1710,-0.1656,7787,4574,7981,242,142,248
1711,-0.1648,7789,4574,7982,243,142,249
1712,-0.1639,7791,4575,7983,243,142,249
1713,-0.1631,7793,4575,7984,243,142,249
1714,-0.1622,7795,4576,7985,243,142,249
1715,-0.1614,7797,4576,7986,243,142,249
1716,-0.1606,7799,4577,7987,243,143,249
1717,-0.1597,7801,4577,7988,243,143,249
1718,-0.1589,7803,4578,7989,243,143,249
1719,-0.1580,7805,4578,7990,243,143,249
1720,-0.1572,7807,4579,7991,243,143,249
1721,-0.1564,7809,4579,7993,243,143,249
1722,-0.1555,7811,4580,7994,243,143,249
1723,-0.1547,7813,4580,7995,243,143,249
1724,-0.1538,7815,4581,7996,243,143,249
1725,-0.1530,7817,4581,7997,243,143,249
1726,-0.1522,7819,4582,7998,243,143,249
1727,-0.1513,7821,4582,7999,244,143,249
1728,-0.1505,7823,4583,8000,244,143,249
1729,-0.1497,7825,4583,8001,244,143,249
1730,-0.1488,7827,4584,8002,244,143,249
1731,-0.1480,7829,4584,8003,244,143,249
1732,-0.1472,7831,4585,8004,244,143,249
1733,-0.1463,7833,4585,8005,244,143,249
1734,-0.1455,7835,4586,8006,244,143,249
1735,-0.1447,7837,4586,8007,244,143,249
1736,-0.1438,7839,4587,8008,244,143,249
1737,-0.1430,7841,4587,8009,244,143,249
1738,-0.1422,7843,4588,8010,244,143,249
1739,-0.1413,7845,4588,8011,244,143,249
1740,-0.1405,7847,4589,8013,244,143,249
1741,-0.1397,7849,4589,8014,244,143,250
1742,-0.1389,7851,4590,8015,244,143,250
1743,-0.1380,7853,4590,8016,245,143,250
1744,-0.1372,7855,4591,8017,245,143,250
1745,-0.1364,7857,4591,8018,245,143,250
1746,-0.1355,7859,4592,8019,245,143,250
1747,-0.1347,7861,4592,8020,245,143,250
1748,-0.1339,7863,4593,8021,245,143,250
1749,-0.1331,7865,4593,8022,245,143,250
1750,-0.1322,7867,4594,8023,245,143,250
1751,-0.1314,7869,4594,8024,245,143,250
1752,-0.1306,7871,4595,8025,245,143,250
1753,-0.1298,7873,4595,8026,245,143,250
1754,-0.1290,7875,4596,8027,245,143,250
1755,-0.1281,7877,4596,8028,245,143,250
1756,-0.1273,7879,4597,8029,245,143,250
1757,-0.1265,7881,4597,8030,245,143,250
1758,-0.1257,7883,4598,8031,245,143,250
1759,-0.1248,7884,4598,8032,245,143,250
1760,-0.1240,7886,4599,8033,246,143,250
1761,-0.1232,7888,4599,8034,246,143,250
1762,-0.1224,7890,4600,8035,246,143,250
1763,-0.1216,7892,4600,8036,246,143,250
1764,-0.1208,7894,4601,8037,246,143,250
1765,-0.1199,7896,4601,8039,246,143,250
1766,-0.1191,7898,4602,8040,246,143,250
1767,-0.1183,7900,4602,8041,246,143,250
1768,-0.1175,7902,4603,8042,246,143,250
1769,-0.1167,7904,4603,8043,246,143,250
1770,-0.1159,7906,4604,8044,246,143,250
1771,-0.1150,7908,4604,8045,246,143,250
1772,-0.1142,7910,4605,8046,246,143,251
1773,-0.1134,7912,4605,8047,246,143,251
1774,-0.1126,7914,4606,8048,246,143,251
1775,-0.1118,7916,4606,8049,246,143,251
1776,-0.1110,7918,4606,8050,247,143,251
1777,-0.1102,7920,4607,8051,247,143,251
1778,-0.1093,7922,4607,8052,247,143,251
1779,-0.1085,7924,4608,8053,247,143,251
1780,-0.1077,7926,4608,8054,247,143,251
1781,-0.1069,7928,4609,8055,247,144,251
1782,-0.1061,7930,4609,8056,247,144,251
1783,-0.1053,7932,4610,8057,247,144,251
1784,-0.1045,7934,4610,8058,247,144,251
1785,-0.1037,7936,4611,8059,247,144,251
1786,-0.1029,7938,4611,8060,247,144,251
1787,-0.1021,7940,4612,8061,247,144,251
1788,-0.1013,7941,4612,8062,247,144,251
1789,-0.1004,7943,4613,8063,247,144,251
1790,-0.0996,7945,4613,8064,247,144,251
1791,-0.0988,7947,4614,8065,247,144,251
1792,-0.0980,7949,4614,8066,247,144,251
1793,-0.0972,7951,4615,8067,248,144,251
1794,-0.0964,7953,4615,8068,248,144,251
1795,-0.0956,7955,4616,8069,248,144,251
1796,-0.0948,7957,4616,8070,248,144,251
1797,-0.0940,7959,4617,8071,248,144,251
1798,-0.0932,7961,4617,8072,248,144,251
1799,-0.0924,7963,4618,8073,248,144,251
1800,-0.0916,7965,4618,8074,248,144,251
1801,-0.0908,7967,4619,8075,248,144,251
1802,-0.0900,7969,4619,8076,248,144,251
1803,-0.0892,7971,4620,8077,248,144,251
1804,-0.0884,7973,4620,8078,248,144,252
1805,-0.0876,7975,4621,8079,248,144,252
1806,-0.0868,7977,4621,8080,248,144,252
1807,-0.0860,7978,4622,8081,248,144,252
1808,-0.0852,7980,4622,8082,248,144,252
1809,-0.0844,7982,4623,8083,249,144,252
1810,-0.0836,7984,4623,8084,249,144,252
1811,-0.0828,7986,4623,8085,249,144,252
1812,-0.0820,7988,4624,8086,249,144,252
1813,-0.0812,7990,4624,8087,249,144,252
1814,-0.0804,7992,4625,8088,249,144,252
1815,-0.0796,7994,4625,8089,249,144,252
1816,-0.0788,7996,4626,8090,249,144,252
1817,-0.0780,7998,4626,8091,249,144,252
1818,-0.0773,8000,4627,8092,249,144,252
1819,-0.0765,8002,4627,8093,249,144,252
1820,-0.0757,8004,4628,8094,249,144,252
1821,-0.0749,8006,4628,8095,249,144,252
1822,-0.0741,8008,4629,8096,249,144,252
1823,-0.0733,8010,4629,8097,249,144,252
1824,-0.0725,8011,4630,8098,249,144,252
1825,-0.0717,8013,4630,8099,249,144,252
1826,-0.0709,8015,4631,8100,250,144,252
1827,-0.0701,8017,4631,8101,250,144,252
1828,-0.0693,8019,4632,8102,250,144,252
1829,-0.0685,8021,4632,8103,250,144,252
1830,-0.0678,8023,4633,8104,250,144,252
1831,-0.0670,8025,4633,8105,250,144,252
1832,-0.0662,8027,4634,8106,250,144,252
1833,-0.0654,8029,4634,8107,250,144,252
1834,-0.0646,8031,4634,8108,250,144,252
1835,-0.0638,8033,4635,8109,250,144,252
1836,-0.0630,8035,4635,8110,250,144,253
1837,-0.0623,8037,4636,8111,250,144,253
1838,-0.0615,8038,4636,8112,250,144,253
1839,-0.0607,8040,4637,8113,250,144,253
1840,-0.0599,8042,4637,8114,250,144,253
1841,-0.0591,8044,4638,8115,250,144,253
1842,-0.0583,8046,4638,8116,251,144,253
1843,-0.0575,8048,4639,8117,251,144,253
1844,-0.0568,8050,4639,8118,251,144,253
1845,-0.0560,8052,4640,8119,251,144,253
1846,-0.0552,8054,4640,8120,251,144,253
1847,-0.0544,8056,4641,8121,251,144,253
1848,-0.0536,8058,4641,8122,251,144,253
1849,-0.0529,8060,4642,8123,251,145,253
1850,-0.0521,8062,4642,8124,251,145,253
1851,-0.0513,8063,4643,8125,251,145,253
1852,-0.0505,8065,4643,8126,251,145,253
1853,-0.0497,8067,4643,8127,251,145,253
1854,-0.0490,8069,4644,8128,251,145,253
1855,-0.0482,8071,4644,8129,251,145,253
1856,-0.0474,8073,4645,8130,251,145,253
1857,-0.0466,8075,4645,8131,251,145,253
1858,-0.0459,8077,4646,8132,251,145,253
1859,-0.0451,8079,4646,8133,252,145,253
1860,-0.0443,8081,4647,8134,252,145,253
1861,-0.0435,8083,4647,8135,252,145,253
1862,-0.0427,8084,4648,8136,252,145,253
1863,-0.0420,8086,4648,8137,252,145,253
1864,-0.0412,8088,4649,8138,252,145,253
1865,-0.0404,8090,4649,8139,252,145,253
1866,-0.0397,8092,4650,8140,252,145,253
1867,-0.0389,8094,4650,8141,252,145,253
1868,-0.0381,8096,4650,8142,252,145,254
1869,-0.0373,8098,4651,8143,252,145,254
1870,-0.0366,8100,4651,8144,252,145,254
1871,-0.0358,8102,4652,8145,252,145,254
1872,-0.0350,8104,4652,8146,252,145,254
1873,-0.0343,8105,4653,8147,252,145,254
1874,-0.0335,8107,4653,8148,252,145,254
1875,-0.0327,8109,4654,8149,252,145,254
1876,-0.0319,8111,4654,8150,253,145,254
1877,-0.0312,8113,4655,8151,253,145,254
1878,-0.0304,8115,4655,8152,253,145,254
1879,-0.0296,8117,4656,8153,253,145,254
1880,-0.0289,8119,4656,8154,253,145,254
1881,-0.0281,8121,4657,8154,253,145,254
1882,-0.0273,8123,4657,8155,253,145,254
1883,-0.0266,8124,4657,8156,253,145,254
1884,-0.0258,8126,4658,8157,253,145,254
1885,-0.0250,8128,4658,8158,253,145,254
1886,-0.0243,8130,4659,8159,253,145,254
1887,-0.0235,8132,4659,8160,253,145,254
1888,-0.0227,8134,4660,8161,253,145,254
1889,-0.0220,8136,4660,8162,253,145,254
1890,-0.0212,8138,4661,8163,253,145,254
1891,-0.0205,8140,4661,8164,253,145,254
1892,-0.0197,8142,4662,8165,254,145,254
1893,-0.0189,8143,4662,8166,254,145,254
1894,-0.0182,8145,4663,8167,254,145,254
1895,-0.0174,8147,4663,8168,254,145,254
1896,-0.0166,8149,4663,8169,254,145,254
1897,-0.0159,8151,4664,8170,254,145,254
1898,-0.0151,8153,4664,8171,254,145,254
1899,-0.0144,8155,4665,8172,254,145,254
1900,-0.0136,8157,4665,8173,254,145,254
1901,-0.0128,8158,4666,8174,254,145,255
1902,-0.0121,8160,4666,8175,254,145,255
1903,-0.0113,8162,4667,8176,254,145,255
1904,-0.0106,8164,4667,8177,254,145,255
1905,-0.0098,8166,4668,8178,254,145,255
1906,-0.0091,8168,4668,8179,254,145,255
1907,-0.0083,8170,4668,8180,254,145,255
1908,-0.0075,8172,4669,8180,254,145,255
1909,-0.0068,8174,4669,8181,255,145,255
1910,-0.0060,8175,4670,8182,255,145,255
1911,-0.0053,8177,4670,8183,255,145,255
1912,-0.0045,8179,4671,8184,255,145,255
1913,-0.0038,8181,4671,8185,255,145,255
1914,-0.0030,8183,4672,8186,255,145,255
1915,-0.0023,8185,4672,8187,255,145,255
1916,-0.0015,8187,4673,8188,255,145,255
1917,-0.0008,8189,4673,8189,255,145,255
1918,0.0000,8190,4673,8190,255,145,255
1919,0.0008,8190,4674,8190,255,146,255
1920,0.0015,8190,4674,8190,255,146,255
1921,0.0023,8190,4675,8190,255,146,255
1922,0.0030,8190,4675,8190,255,146,255
1923,0.0038,8190,4676,8190,255,146,255
1924,0.0045,8190,4676,8190,255,146,255
1925,0.0053,8190,4677,8190,255,146,255
1926,0.0060,8190,4677,8190,255,146,255
1927,0.0068,8190,4678,8190,255,146,255
1928,0.0075,8190,4678,8190,255,146,255
1929,0.0083,8190,4678,8190,255,146,255
1930,0.0090,8190,4679,8190,255,146,255
1931,0.0097,8190,4679,8190,255,146,255
1932,0.0105,8190,4680,8190,255,146,255
1933,0.0112,8190,4680,8190,255,146,255
1934,0.0120,8190,4681,8190,255,146,255
1935,0.0127,8190,4681,8190,255,146,255
1936,0.0135,8190,4682,8190,255,146,255
1937,0.0142,8190,4682,8190,255,146,255
1938,0.0150,8190,4683,8190,255,146,255
1939,0.0157,8190,4683,8190,255,146,255
1940,0.0165,8190,4683,8190,255,146,255
1941,0.0172,8190,4684,8190,255,146,255
1942,0.0179,8190,4684,8190,255,146,255
1943,0.0187,8190,4685,8190,255,146,255
1944,0.0194,8190,4685,8190,255,146,255
1945,0.0202,8190,4686,8190,255,146,255
1946,0.0209,8190,4686,8190,255,146,255
1947,0.0217,8190,4687,8190,255,146,255
1948,0.0224,8190,4687,8190,255,146,255
1949,0.0231,8190,4687,8190,255,146,255
1950,0.0239,8190,4688,8190,255,146,255
1951,0.0246,8190,4688,8190,255,146,255
1952,0.0254,8190,4689,8190,255,146,255
1953,0.0261,8190,4689,8190,255,146,255
1954,0.0268,8190,4690,8190,255,146,255
1955,0.0276,8190,4690,8190,255,146,255
1956,0.0283,8190,4691,8190,255,146,255
1957,0.0290,8190,4691,8190,255,146,255
1958,0.0298,8190,4691,8190,255,146,255
1959,0.0305,8190,4692,8190,255,146,255
1960,0.0313,8190,4692,8190,255,146,255
1961,0.0320,8190,4693,8190,255,146,255
1962,0.0327,8190,4693,8190,255,146,255
1963,0.0335,8190,4694,8190,255,146,255
1964,0.0342,8190,4694,8190,255,146,255
1965,0.0349,8190,4695,8190,255,146,255
1966,0.0357,8190,4695,8190,255,146,255
1967,0.0364,8190,4695,8190,255,146,255
1968,0.0371,8190,4696,8190,255,146,255
1969,0.0379,8190,4696,8190,255,146,255
1970,0.0386,8190,4697,8190,255,146,255
1971,0.0393,8190,4697,8190,255,146,255
1972,0.0401,8190,4698,8190,255,146,255
1973,0.0408,8190,4698,8190,255,146,255
1974,0.0415,8190,4699,8190,255,146,255
1975,0.0422,8190,4699,8190,255,146,255
1976,0.0430,8190,4699,8190,255,146,255
1977,0.0437,8190,4700,8190,255,146,255
1978,0.0444,8190,4700,8190,255,146,255
1979,0.0452,8190,4701,8190,255,146,255
1980,0.0459,8190,4701,8190,255,146,255
1981,0.0466,8190,4702,8190,255,146,255
1982,0.0474,8190,4702,8190,255,146,255
1983,0.0481,8190,4703,8190,255,146,255
1984,0.0488,8190,4703,8190,255,146,255
1985,0.0495,8190,4703,8190,255,146,255
1986,0.0503,8190,4704,8190,255,146,255
1987,0.0510,8190,4704,8190,255,146,255
1988,0.0517,8190,4705,8190,255,146,255
1989,0.0524,8190,4705,8190,255,146,255
1990,0.0532,8190,4706,8190,255,147,255
1991,0.0539,8190,4706,8190,255,147,255
1992,0.0546,8190,4706,8190,255,147,255
1993,0.0553,8190,4707,8190,255,147,255
1994,0.0561,8190,4707,8190,255,147,255
1995,0.0568,8190,4708,8190,255,147,255
1996,0.0575,8190,4708,8190,255,147,255
1997,0.0582,8190,4709,8190,255,147,255
1998,0.0590,8190,4709,8190,255,147,255
1999,0.0597,8190,4710,8190,255,147,255
2000,0.0604,8190,4710,8190,255,147,255
2001,0.0611,8190,4710,8190,255,147,255
2002,0.0618,8190,4711,8190,255,147,255
2003,0.0626,8190,4711,8190,255,147,255
2004,0.0633,8190,4712,8190,255,147,255
2005,0.0640,8190,4712,8190,255,147,255
2006,0.0647,8190,4713,8190,255,147,255
2007,0.0654,8190,4713,8190,255,147,255
2008,0.0662,8190,4713,8190,255,147,255
2009,0.0669,8190,4714,8190,255,147,255
2010,0.0676,8190,4714,8190,255,147,255
2011,0.0683,8190,4715,8190,255,147,255
2012,0.0690,8190,4715,8190,255,147,255
2013,0.0697,8190,4716,8190,255,147,255
2014,0.0705,8190,4716,8190,255,147,255
2015,0.0712,8190,4716,8190,255,147,255
2016,0.0719,8190,4717,8190,255,147,255
2017,0.0726,8190,4717,8190,255,147,255
2018,0.0733,8190,4718,8190,255,147,255
2019,0.0740,8190,4718,8190,255,147,255
2020,0.0748,8190,4719,8190,255,147,255
2021,0.0755,8190,4719,8190,255,147,255
2022,0.0762,8190,4719,8190,255,147,255
2023,0.0769,8190,4720,8190,255,147,255
2024,0.0776,8190,4720,8190,255,147,255
2025,0.0783,8190,4721,8190,255,147,255
2026,0.0790,8190,4721,8190,255,147,255
2027,0.0797,8190,4722,8190,255,147,255
2028,0.0805,8190,4722,8190,255,147,255
2029,0.0812,8190,4722,8190,255,147,255
2030,0.0819,8190,4723,8190,255,147,255
2031,0.0826,8190,4723,8190,255,147,255
2032,0.0833,8190,4724,8190,255,147,255
2033,0.0840,8190,4724,8190,255,147,255
2034,0.0847,8190,4725,8190,255,147,255
2035,0.0854,8190,4725,8190,255,147,255
2036,0.0861,8190,4725,8190,255,147,255
2037,0.0868,8190,4726,8190,255,147,255
2038,0.0876,8190,4726,8190,255,147,255
2039,0.0883,8190,4727,8190,255,147,255
2040,0.0890,8190,4727,8190,255,147,255
2041,0.0897,8190,4728,8190,255,147,255
2042,0.0904,8190,4728,8190,255,147,255
2043,0.0911,8190,4728,8190,255,147,255
2044,0.0918,8190,4729,8190,255,147,255
2045,0.0925,8190,4729,8190,255,147,255
2046,0.0932,8190,4730,8190,255,147,255
2047,0.0939,8190,4730,8190,255,147,255
